date,0
2010-01-04,0.0
2010-01-05,0.0
2010-01-06,0.0
2010-01-07,0.0
2010-01-08,0.0
2010-01-11,0.0
2010-01-12,0.0
2010-01-13,0.0
2010-01-14,0.0
2010-01-15,0.0
2010-01-19,0.0
2010-01-20,0.0
2010-01-21,0.0
2010-01-22,0.0
2010-01-25,0.0
2010-01-26,0.0
2010-01-27,0.0
2010-01-28,0.0
2010-01-29,0.0
2010-02-01,0.0225702398364612
2010-02-02,0.017211210940397743
2010-02-03,-0.005156940231989649
2010-02-04,-0.037627368817890916
2010-02-05,-0.0020878764438463445
2010-02-08,-0.006163374810859193
2010-02-09,0.01701029107235502
2010-02-10,-0.000609956177480218
2010-02-11,0.013393294552325682
2010-02-12,-0.0031884154172528573
2010-02-16,0.023372729107885848
2010-02-17,0.005015307353318556
2010-02-18,0.010191119353479109
2010-02-19,0.0010522568817360341
2010-02-22,-0.00022105111574726745
2010-02-23,-0.012878568764957996
2010-02-24,0.009828252743151477
2010-02-25,-0.0028534361680662554
2010-02-26,0.006077066731247619
2010-03-01,0.01500344294429575
2010-03-02,0.004023557463222854
2010-03-03,0.0015593939373023888
2010-03-04,0.0015986824230792142
2010-03-05,0.013827651811027832
2010-03-08,0.0022044437813187492
2010-03-09,0.0003020493095376765
2010-03-10,0.004379877599016398
2010-03-11,0.006197556883113832
2010-03-12,0.0007343800568993917
2010-03-15,-0.0046349207415397
2010-03-16,0.010983740026418713
2010-03-17,0.0073757682058403756
2010-03-18,-0.0036363271781986845
2010-03-19,-0.010036216137275653
2010-03-22,0.013168219934942788
2010-03-23,0.00876078978515158
2010-03-24,-0.005353636887327888
2010-03-25,-0.002509928790262193
2010-03-26,0.0023416063190340643
2010-03-29,0.007341727679174648
2010-03-30,-0.000406379502479598
2010-03-31,-0.006057872553608137
2010-04-01,0.009186741190348178
2010-04-05,0.014801483827575509
2010-04-06,0.0033660064472186215
2010-04-07,-0.006877729927912218
2010-04-08,0.004595765684065264
2010-04-09,0.006420630657760514
2010-04-12,0.0034090772547623834
2010-04-13,0.0018441500576195067
2010-04-14,0.01447548792110634
2010-04-15,0.0005757435069523233
2010-04-16,-0.016925439976377882
2010-04-19,-0.0013915826307492026
2010-04-20,0.016164142824624854
2010-04-21,0.002627363150002285
2010-04-22,0.010620102733431475
2010-04-23,0.010290667146645099
2010-04-26,-0.0014053782387047048
2010-04-27,-0.02750298945844599
2010-04-28,0.006488478158774697
2010-04-29,0.014578973535380312
2010-04-30,-0.01921494797348234
2010-05-03,0.01723927468631707
2010-05-04,-0.024778378847626098
2010-05-05,-0.009500208418578614
2010-05-06,-0.029261977397813388
2010-05-07,-0.020107697384675383
2010-05-10,0.049325894771556876
2010-05-11,-0.0004371640009384718
2010-05-12,0.02282311939531628
2010-05-13,-0.009078729905990176
2010-05-14,-0.021424935550850156
2010-05-17,-0.00036924512898806343
2010-05-18,-0.015025974028242354
2010-05-19,-0.007007979298415911
2010-05-20,-0.03857586361657639
2010-05-21,0.02133042214855846
2010-05-24,-0.010234085944808579
2010-05-25,0.001867157577004929
2010-05-26,0.0003569787254525738
2010-05-27,0.036484924578202266
2010-05-28,-0.010529474890166684
2010-06-01,0.0
2010-06-02,0.0
2010-06-03,0.0
2010-06-04,0.0
2010-06-07,0.0
2010-06-08,0.0
2010-06-09,0.0
2010-06-10,0.0
2010-06-11,0.0
2010-06-14,0.0
2010-06-15,0.0
2010-06-16,0.0
2010-06-17,0.0
2010-06-18,0.0
2010-06-21,0.0
2010-06-22,0.0
2010-06-23,0.0
2010-06-24,0.0
2010-06-25,0.0
2010-06-28,0.0
2010-06-29,0.0
2010-06-30,0.0
2010-07-01,-0.004598157347847182
2010-07-02,-0.005597556493339295
2010-07-06,0.0024214437531780973
2010-07-07,0.0241485474488227
2010-07-08,0.005708386110598667
2010-07-09,0.006772237432470279
2010-07-12,-0.0016076496660621395
2010-07-13,0.014330514802544669
2010-07-14,0.0016027471143575307
2010-07-15,-0.0018138380117324285
2010-07-16,-0.020551923170599423
2010-07-19,0.000993632000305749
2010-07-20,0.008134866172454099
2010-07-21,-0.008588549242703511
2010-07-22,0.015657313124147858
2010-07-23,0.010332461177096366
2010-07-26,0.011405082246774171
2010-07-27,-0.004779194736196082
2010-07-28,-0.006490938359027816
2010-07-29,-0.0013177367334075017
2010-07-30,0.001961283372048153
2010-08-02,0.011310168609285983
2010-08-03,-0.003157357242782822
2010-08-04,0.0036025629777178313
2010-08-05,-0.002811331188144856
2010-08-06,-0.0005650836024590439
2010-08-09,0.004764125782906848
2010-08-10,-0.004110917530127123
2010-08-11,-0.01862979089816852
2010-08-12,-0.001475261956520992
2010-08-13,-0.0016016868334944923
2010-08-16,0.0013540499420381911
2010-08-17,0.008981087887063192
2010-08-18,0.0019717890138753686
2010-08-19,-0.009606622891720023
2010-08-20,0.0016243542037518047
2010-08-23,-0.005030003350233926
2010-08-24,-0.009663671134207977
2010-08-25,0.002200954230913509
2010-08-26,-0.0029222661623834706
2010-08-27,0.013127584549208834
2010-08-30,-0.011268650533793917
2010-08-31,0.0012474957480391106
2010-09-01,0.021068555350213274
2010-09-02,0.006709695140212095
2010-09-03,0.010510474817330527
2010-09-07,-0.00812726044866346
2010-09-08,0.004302734197137809
2010-09-09,-0.003081592886088903
2010-09-10,0.0008243736587277539
2010-09-13,0.009903967112370128
2010-09-14,0.0012190175403506542
2010-09-15,0.0025906697065364104
2010-09-16,-0.0012038188705437048
2010-09-17,-0.0005962594280272767
2010-09-20,0.01065048528099627
2010-09-21,-0.0011826849115468823
2010-09-22,-0.005668628906784819
2010-09-23,-0.0015443860592219776
2010-09-24,0.015900240230563932
2010-09-27,-0.0016493370043778833
2010-09-28,0.005295068545948724
2010-09-29,-0.0007096575379170662
2010-09-30,-0.002403123671924422
2010-10-01,0.0003652543711639961
2010-10-04,-0.0029369874712017285
2010-10-05,0.014379845820351761
2010-10-06,-0.006459484560413752
2010-10-07,0.0003829469524034981
2010-10-08,0.005140743897617633
2010-10-11,-0.0013002687808478608
2010-10-12,0.004678968168440337
2010-10-13,0.0042257557613536575
2010-10-14,-0.0006018314010971772
2010-10-15,0.0017914595220558755
2010-10-18,0.0009916937544967625
2010-10-19,-0.010784241313899502
2010-10-20,0.009322942433220622
2010-10-21,0.0010156221423930883
2010-10-22,0.005703509718418288
2010-10-25,0.0027364398035811584
2010-10-26,0.001760242246019072
2010-10-27,0.0011616535544998314
2010-10-28,0.0003961105362001974
2010-10-29,0.0030026163564193125
2010-11-01,-0.0008870957177856594
2010-11-02,0.007736017393402007
2010-11-03,0.002559266144279899
2010-11-04,0.011841765213722273
2010-11-05,0.0025027823934225778
2010-11-08,-0.001260354251243579
2010-11-09,-0.007008137618412087
2010-11-10,0.0020668476843843106
2010-11-11,-0.0010456568308455862
2010-11-12,-0.009518823844149205
2010-11-15,-0.0007179852589487168
2010-11-16,-0.012998620818864492
2010-11-17,0.00148117933671106
2010-11-18,0.009145891021562918
2010-11-19,0.002834048749268515
2010-11-22,0.007830144584950285
2010-11-23,-0.0073302231835701195
2010-11-24,0.01187402729109005
2010-11-26,-0.0036510389932939953
2010-11-29,-5.95885666417822e-05
2010-11-30,-0.003566939909610859
2010-12-01,0.019719618962671975
2010-12-02,0.006282956636635838
2010-12-03,0.00409856319731443
2010-12-06,-0.00043081392504797057
2010-12-07,5.045347408824304e-05
2010-12-08,0.00018952479917366404
2010-12-09,0.006528102175556834
2010-12-10,0.005746516388741097
2010-12-13,-0.008212373862809694
2010-12-14,0.0011715487431564332
2010-12-15,-0.005478574290786017
2010-12-16,0.012641396215495124
2010-12-17,0.0036150628345791493
2010-12-20,0.003684987563764084
2010-12-21,0.012140640123142128
2010-12-22,0.0004955525335543573
2010-12-23,-0.0035552219919802296
2010-12-27,0.0015320199121377875
2010-12-28,-0.002718572387402974
2010-12-29,0.003274054448531759
2010-12-30,-1.71146594947503e-05
2010-12-31,-0.003752977617253148
2011-01-03,0.014150716795591017
2011-01-04,-0.0034407030861923647
2011-01-05,0.0054859977698862306
2011-01-06,-0.004503833692875797
2011-01-07,0.0007485204440609696
2011-01-10,0.0044437925837327984
2011-01-11,0.0023720773895491236
2011-01-12,0.007553460575437397
2011-01-13,-0.00019639645329685702
2011-01-14,0.00872254419375099
2011-01-18,0.005712160774594573
2011-01-19,-0.015739693825486685
2011-01-20,-0.013890886614085586
2011-01-21,0.0012324886732467473
2011-01-24,0.003136132957439264
2011-01-25,0.004481567077430044
2011-01-26,0.01569068392089827
2011-01-27,0.00707269911462788
2011-01-28,-0.01827490340440049
2011-01-31,0.011092112625263406
2011-02-01,0.016883476180598374
2011-02-02,-0.0017956197649386452
2011-02-03,0.006467290593916703
2011-02-04,0.004343253021674594
2011-02-07,0.006160158123059386
2011-02-08,0.0027778149680935975
2011-02-09,-0.0019403625776297792
2011-02-10,0.0001899297912922453
2011-02-11,0.013634275541416016
2011-02-14,0.006230873287218515
2011-02-15,-0.0026392193204089363
2011-02-16,0.00637975421842375
2011-02-17,0.002526555082978647
2011-02-18,-0.0009347619886666019
2011-02-22,-0.02782166119143107
2011-02-23,-0.008979935736459672
2011-02-24,0.003124077437716066
2011-02-25,0.017113218769955682
2011-02-28,-0.0004622358724565841
2011-03-01,-0.018631322176821154
2011-03-02,0.004575233788888389
2011-03-03,0.02261116517577992
2011-03-04,-0.0024102359301343313
2011-03-07,-0.011343414804407023
2011-03-08,0.013829746480965651
2011-03-09,-0.0012129083987935684
2011-03-10,-0.02038010840846327
2011-03-11,0.009392717586524286
2011-03-14,-0.0047271427878644474
2011-03-15,-0.010866051021955309
2011-03-16,-0.014049280730731287
2011-03-17,0.01004787584383734
2011-03-18,0.0024930749280769725
2011-03-21,0.020352741634298385
2011-03-22,-0.008231778708121276
2011-03-23,0.0029992394936635613
2011-03-24,0.01146969467598836
2011-03-25,0.007420759807530318
2011-03-28,-0.0013429973008273759
2011-03-29,0.010664120380785687
2011-03-30,0.011721100766705036
2011-03-31,-0.0006771528936944398
2011-04-01,0.0070531961937623415
2011-04-04,0.0016266375351767022
2011-04-05,0.0014325067220230879
2011-04-06,-0.0055327596905528475
2011-04-07,-0.0031279733383494162
2011-04-08,-0.007071579854193229
2011-04-11,-0.004528467945688003
2011-04-12,-0.00905440964013123
2011-04-13,0.008228444753012884
2011-04-14,-0.0004691407175872712
2011-04-15,0.005517550879477685
2011-04-18,-0.012548160323834275
2011-04-19,0.006224574264341014
2011-04-20,0.015895619303624667
2011-04-21,0.006472461706906838
2011-04-25,-0.004777653807502705
2011-04-26,0.0069471722845958475
2011-04-27,0.008222064799443948
2011-04-28,0.0012322893040049691
2011-04-29,0.0019369818563897937
2011-05-02,-0.005900449788541765
2011-05-03,-0.008756661474575916
2011-05-04,-0.009445772529423056
2011-05-05,-0.00586964093517167
2011-05-06,0.005017357411766064
2011-05-09,0.010243388377099942
2011-05-10,0.008828360776856392
2011-05-11,-0.011857669399570503
2011-05-12,0.004633309614926515
2011-05-13,-0.00804227250527691
2011-05-16,-0.007610580215034162
2011-05-17,-0.0028131532793759964
2011-05-18,0.01534797751484454
2011-05-19,0.0019578008811086617
2011-05-20,-0.007458274779139311
2011-05-23,-0.013482559919595231
2011-05-24,-0.0014792035473539793
2011-05-25,0.008922946325915207
2011-05-26,0.0076469950136258385
2011-05-27,0.003023923093973794
2011-05-31,0.008472275483860009
2011-06-01,-0.019184450621912156
2011-06-02,0.0024092298432619604
2011-06-03,-0.01003360969316737
2011-06-06,-0.011629906788532606
2011-06-07,0.003069276619506115
2011-06-08,-0.005789164124779476
2011-06-09,0.009325730169663256
2011-06-10,-0.0134479593033384
2011-06-13,-0.003453233209554649
2011-06-14,0.015433423122198388
2011-06-15,-0.017259372212290954
2011-06-16,-0.003848543467228186
2011-06-17,0.0008183639484553784
2011-06-20,0.007419166758854489
2011-06-21,0.020562878515359352
2011-06-22,-0.006302267875846603
2011-06-23,0.00015722212348343305
2011-06-24,-0.006561235877690018
2011-06-27,0.007584618271155778
2011-06-28,0.014693860851083828
2011-06-29,0.006279863051756957
2011-06-30,0.006871016128801569
2011-07-01,0.01450176958327553
2011-07-05,0.0002319791754941548
2011-07-06,0.0035936148829102746
2011-07-07,0.006548321487732493
2011-07-08,-0.004174821050082013
2011-07-11,-0.01953967116012037
2011-07-12,-0.006067179735378039
2011-07-13,0.003257072304385378
2011-07-14,-0.009976580054145147
2011-07-15,0.004180793044244123
2011-07-18,-0.0073575429898111964
2011-07-19,0.016881997708594568
2011-07-20,-0.0014890140612984011
2011-07-21,0.010725238129138705
2011-07-22,0.001358402656926249
2011-07-25,-0.00529812788031433
2011-07-26,-0.004670420536846704
2011-07-27,-0.021670365574950973
2011-07-28,-0.0013503816752016829
2011-07-29,-0.0029422531859670943
2011-08-01,-0.0030966147138799865
2011-08-02,-0.02525623372074798
2011-08-03,0.007849262604888071
2011-08-04,-0.044983139203272154
2011-08-05,-0.0029128898105015215
2011-08-08,-0.06442181507084602
2011-08-09,0.053184690497873825
2011-08-10,-0.026468509804979883
2011-08-11,0.0444192303376848
2011-08-12,0.009532880447700173
2011-08-15,0.01455350208336274
2011-08-16,-0.009050123223314704
2011-08-17,-0.0032885244017364693
2011-08-18,-0.0450772531925607
2011-08-19,-0.015791934966812495
2011-08-22,0.0007541138185435387
2011-08-23,0.03521923283662503
2011-08-24,0.013257117844172986
2011-08-25,-0.014277544778761832
2011-08-26,0.021727707957891664
2011-08-29,0.02506075005490685
2011-08-30,0.006035328448202714
2011-08-31,0.0011944564786657698
2011-09-01,-0.006375091425465836
2011-09-02,-0.012405154261492603
2011-09-06,-0.00038318121217946206
2011-09-07,0.015089165736181447
2011-09-08,-0.0027307956411322803
2011-09-09,-0.015717518890977764
2011-09-12,0.0027307687760313127
2011-09-13,0.009843508263922534
2011-09-14,0.010100627108255576
2011-09-15,0.005197265660171788
2011-09-16,0.0024699302310558077
2011-09-19,-0.0014911492040805717
2011-09-20,-0.005465394912570903
2011-09-21,-0.014370932018884902
2011-09-22,-0.01753356235299946
2011-09-23,0.002287147441191794
2011-09-26,0.01058084885368462
2011-09-27,0.004965436424617814
2011-09-28,-0.013651556164574634
2011-09-29,-0.0015564535124736468
2011-09-30,-0.01376102915010858
2011-10-03,-0.01546853435832032
2011-10-04,0.011191553404389544
2011-10-05,0.007023979215156715
2011-10-06,0.007742726691836035
2011-10-07,-0.004899031464757186
2011-10-10,0.0138345453519056
2011-10-11,-0.0018120979869774068
2011-10-12,0.003657192685774264
2011-10-13,0.0014949375271221233
2011-10-14,0.005986479512097395
2011-10-17,-0.006160570864125036
2011-10-18,0.005223460958910402
2011-10-19,-0.005649722086949278
2011-10-20,0.0011448594816500682
2011-10-21,0.009366334707707279
2011-10-24,0.009281583249625084
2011-10-25,-0.008974809444948759
2011-10-26,0.0033941831398426846
2011-10-27,0.012280777998988822
2011-10-28,-0.0012309646534073315
2011-10-31,-0.004665079298167875
2011-11-01,-0.012269905496214966
2011-11-02,0.008428172620032506
2011-11-03,0.009227885993437393
2011-11-04,0.0003827533431359564
2011-11-07,-8.107309975608894e-05
2011-11-08,0.003914990537636574
2011-11-09,-0.014704627067977453
2011-11-10,0.003694142775329417
2011-11-11,0.009528266800709765
2011-11-14,-0.004043790287460511
2011-11-15,0.0032635921207257662
2011-11-16,-0.009363239663620227
2011-11-17,-0.006025427765270156
2011-11-18,-0.00046057795757563515
2011-11-21,-0.006127393839945437
2011-11-22,0.0009439436908889365
2011-11-23,-0.010396342828741956
2011-11-25,-0.0012735653368129655
2011-11-28,0.013480601639464245
2011-11-29,0.0030467807779359637
2011-11-30,0.019441030216594636
2011-12-01,-0.002540413930759854
2011-12-02,0.0007240965330023815
2011-12-05,0.0027371933661945293
2011-12-06,-0.0014434054137877953
2011-12-07,-0.0009474269319347845
2011-12-08,-0.008094893869761097
2011-12-09,0.00942866163271748
2011-12-12,-0.006859321667581681
2011-12-13,-0.00706666801010301
2011-12-14,-0.007565243885069522
2011-12-15,0.003057945826027496
2011-12-16,0.004340820809241905
2011-12-19,-0.00504226522374622
2011-12-20,0.013028156652110311
2011-12-21,0.0002494015172582034
2011-12-22,0.0012716137617242293
2011-12-23,0.0062040671779587525
2011-12-27,0.0024188008404256783
2011-12-28,-0.0067986310442238445
2011-12-29,0.005499774447250791
2011-12-30,-0.003846068643159878
2012-01-03,0.0019263197611926442
2012-01-04,-0.0010000690924344443
2012-01-05,0.004873780938741664
2012-01-06,-0.0009117914075565054
2012-01-09,-0.00021262025276524857
2012-01-10,0.0057559203838778526
2012-01-11,-9.341903555067381e-05
2012-01-12,0.0027365885546570996
2012-01-13,-0.0007881773929322839
2012-01-17,0.001309099849830622
2012-01-18,0.0036260671389743114
2012-01-19,0.0007342877816830782
2012-01-20,-0.0010649566633699088
2012-01-23,0.0004619979613378113
2012-01-24,0.00022840865449005787
2012-01-25,0.00548689481613857
2012-01-26,-0.0015013102055016039
2012-01-27,-0.0006140964403200834
2012-01-30,-0.0018243501329982183
2012-01-31,0.002365651517661769
2012-02-01,0.0059966875272840755
2012-02-02,0.0015138260890652062
2012-02-03,0.006151342900283354
2012-02-06,-0.0017669688491392787
2012-02-07,0.0029400701286779653
2012-02-08,0.0009216868594821187
2012-02-09,0.0015656739440377521
2012-02-10,-0.0026427492025077057
2012-02-13,0.005058415988921377
2012-02-14,-7.080394510483377e-05
2012-02-15,-0.0021147850273809153
2012-02-16,0.004303846559506789
2012-02-17,0.0014511023581629465
2012-02-21,-0.0016095315000789927
2012-02-22,-0.00013134060283756407
2012-02-23,0.0037164448450345165
2012-02-24,0.0011819027157674662
2012-02-27,0.00046715112992839797
2012-02-28,0.0004500534758104997
2012-02-29,-0.0006167370784808453
2012-03-01,0.009146534412665348
2012-03-02,-0.006510944750444903
2012-03-05,-0.0007485593481628136
2012-03-06,-0.016153575937965903
2012-03-07,0.009275004658892909
2012-03-08,0.013186078513483062
2012-03-09,0.006675071553845128
2012-03-12,0.0021945075619729058
2012-03-13,0.01377164491471889
2012-03-14,-0.004069589208475179
2012-03-15,0.005342044449010335
2012-03-16,-0.004076295213593345
2012-03-19,0.0033475030071036522
2012-03-20,-0.0013789248434885881
2012-03-21,0.003359122668879948
2012-03-22,-0.001192454675059248
2012-03-23,0.004463657285392679
2012-03-26,0.016245892324758655
2012-03-27,-0.003783817686303671
2012-03-28,-0.004946865674983858
2012-03-29,0.0007019891132454531
2012-03-30,0.002819979244795955
2012-04-02,0.010445640374967542
2012-04-03,0.00034269220339924094
2012-04-04,-0.011284529253480977
2012-04-05,0.0049656287717995806
2012-04-09,-0.015038824291109
2012-04-10,-0.02663291346404324
2012-04-11,0.01562361281827986
2012-04-12,0.013564477509237657
2012-04-13,-0.003353205924265185
2012-04-16,0.0008258445143374826
2012-04-17,0.0133617015709041
2012-04-18,0.0028888043758266836
2012-04-19,-0.007542117844201666
2012-04-20,0.01117564758810963
2012-04-23,-0.013446731849203416
2012-04-24,-0.004436061071429952
2012-04-25,0.02318645730008966
2012-04-26,0.01265845110125365
2012-04-27,0.01154707922738342
2012-04-30,-0.006695572061951366
2012-05-01,0.003941772220778325
2012-05-02,0.004780875054838887
2012-05-03,-0.008415730879376797
2012-05-04,-0.013398682519423836
2012-05-07,0.0015646484736703018
2012-05-08,-0.005582775517267234
2012-05-09,-0.007491991901559646
2012-05-10,0.008000045128635714
2012-05-11,0.00022070733494954873
2012-05-14,-0.013522721697277168
2012-05-15,-0.00045910957113695714
2012-05-16,-0.0023552510899826472
2012-05-17,-0.02450595112083874
2012-05-18,-0.009317418469723115
2012-05-21,0.018995790929027007
2012-05-22,0.0037394350073317968
2012-05-23,0.0032141201334017753
2012-05-24,0.004537599050617306
2012-05-25,-0.0023351750074425935
2012-05-29,0.010536398126266538
2012-05-30,-0.010946836823776184
2012-05-31,-0.001516290457819367
2012-06-01,-0.030367881339763418
2012-06-04,0.0021068469893315736
2012-06-05,0.0036527039163258323
2012-06-06,0.022320442925448814
2012-06-07,-0.001822084317375408
2012-06-08,0.009284769270382912
2012-06-11,-0.011829809314993807
2012-06-12,0.012147533094198516
2012-06-13,-0.007693162009444905
2012-06-14,0.009619842425556779
2012-06-15,0.009582863522065931
2012-06-18,0.008481415361239999
2012-06-19,0.00962648575010747
2012-06-20,-0.003922881774049278
2012-06-21,-0.020265695061436273
2012-06-22,0.008181523496176773
2012-06-25,-0.011874607301017977
2012-06-26,0.006877895592416945
2012-06-27,0.0010535707438041233
2012-06-28,-0.006230870586595202
2012-06-29,0.024607968554204992
2012-07-02,0.007186603835663586
2012-07-03,0.004154537409673854
2012-07-05,0.0005588457916650793
2012-07-06,-0.004397585884099527
2012-07-09,-1.8740361491114224e-05
2012-07-10,-0.005733031614686503
2012-07-11,-0.001643547949662792
2012-07-12,0.0017770536253091252
2012-07-13,0.011779390832097338
2012-07-16,-0.0020696357564390037
2012-07-17,0.008156597779409733
2012-07-18,0.0007173756525641885
2012-07-19,-0.003215175248684289
2012-07-20,-0.006426925443132897
2012-07-23,-0.0071742352441788275
2012-07-24,-0.008743104594363508
2012-07-25,0.0004267636326512101
2012-07-26,0.011148109940205838
2012-07-27,0.01866179104759936
2012-07-30,-0.0010197009702659202
2012-07-31,-0.004011944806843171
2012-08-01,-0.00650428946001444
2012-08-02,0.00012878655373149732
2012-08-03,0.010549418649242423
2012-08-06,-0.002184722348924923
2012-08-07,0.001743385242746215
2012-08-08,0.0009889805253629758
2012-08-09,-0.003974448787945101
2012-08-10,6.870276333638018e-05
2012-08-13,-0.0011029441862758435
2012-08-14,0.0033966561818663038
2012-08-15,0.0031912295069376484
2012-08-16,0.0037006501810653287
2012-08-17,0.003418301545408472
2012-08-20,-0.0012952688634814695
2012-08-21,-0.002024257337299638
2012-08-22,0.0015241398386704767
2012-08-23,-0.005369740228235475
2012-08-24,0.005035061029042361
2012-08-27,-0.0008754244537608739
2012-08-28,-0.0015378306126434507
2012-08-29,0.000120774893785929
2012-08-30,-0.004472185690027801
2012-08-31,0.0033185862566072672
2012-09-04,0.002564009127716543
2012-09-05,-0.002203138457156722
2012-09-06,0.015947041493287867
2012-09-07,-0.000603311314103343
2012-09-10,-0.004843978265605884
2012-09-11,0.0011717809660605168
2012-09-12,0.0018630508980506109
2012-09-13,0.013796018211000776
2012-09-14,0.0026775966798344396
2012-09-17,-0.00491299855207062
2012-09-18,-0.001813335420408878
2012-09-19,0.005164645380838843
2012-09-20,0.00045536705562375
2012-09-21,0.0019251932531958698
2012-09-24,-0.0016973819378200308
2012-09-25,-0.007053052731796716
2012-09-26,-0.0059238438703937205
2012-09-27,0.008589621527439821
2012-09-28,-0.002115511596875425
2012-10-01,-0.0013008253324679133
2012-10-02,0.002065954740509478
2012-10-03,0.009552114098363157
2012-10-04,0.006210303778961008
2012-10-05,0.001327500817671854
2012-10-08,-0.004206116490465535
2012-10-09,-0.010750863521593454
2012-10-10,-0.0027682703192006587
2012-10-11,-0.0016246967147678028
2012-10-12,-0.002491150674283293
2012-10-15,0.008599441662365696
2012-10-16,0.005787150471380224
2012-10-17,0.007300881311136414
2012-10-18,-0.005577051331747242
2012-10-19,-0.011313781539443962
2012-10-22,0.001615238993616701
2012-10-23,-0.010206967770520192
2012-10-24,0.0020572981558119345
2012-10-25,0.0004168954190768427
2012-10-26,0.0005895648463881653
2012-10-31,0.00032202611200318754
2012-11-01,0.009798913334858316
2012-11-02,-0.01003465450143361
2012-11-05,0.0018884695874669451
2012-11-06,0.008406645235853176
2012-11-07,-0.016262926816401187
2012-11-08,-0.008433964536624629
2012-11-09,-0.001325044898622852
2012-11-12,-0.00017452833343888462
2012-11-13,-0.00014640020598923086
2012-11-14,-0.014137673218137595
2012-11-15,-0.003560226921733192
2012-11-16,0.013459506101736591
2012-11-19,0.013626804414469769
2012-11-20,0.007171728609327245
2012-11-21,0.001053363729174443
2012-11-23,0.009856064967431223
2012-11-26,-0.0017112251636361298
2012-11-27,-0.0032837776323495216
2012-11-28,0.002299906398970984
2012-11-29,0.006370883232359964
2012-11-30,0.0012737443241733811
2012-12-03,-0.004219765987972015
2012-12-04,-0.0009716451356292527
2012-12-05,0.0005898413497366299
2012-12-06,0.0007757568107265049
2012-12-07,0.0021105011886224695
2012-12-10,0.0029196133102235965
2012-12-11,0.004542518299601427
2012-12-12,0.0006531485713648791
2012-12-13,-0.006807579328798991
2012-12-14,-0.003729112170155594
2012-12-17,0.017646328159072154
2012-12-18,0.012383730540017535
2012-12-19,-0.0045347042695600215
2012-12-20,0.003916575767607741
2012-12-21,-0.008784890286197791
2012-12-24,0.0006862583292626385
2012-12-26,-0.007231998193874379
2012-12-27,0.000867222493759227
2012-12-28,-0.008756697390003985
2012-12-31,0.019917920627660506
2013-01-02,0.0306122298601448
2013-01-03,-0.00718778281228703
2013-01-04,0.008835816908211263
2013-01-07,-0.004321504624407683
2013-01-08,-0.0009640465291719906
2013-01-09,0.008341117945290799
2013-01-10,0.00499300139124031
2013-01-11,1.1221363200033586e-05
2013-01-14,0.00020219450227796179
2013-01-15,0.002960183353965626
2013-01-16,0.0024567639703645325
2013-01-17,0.012122533280430342
2013-01-18,0.002527049033545053
2013-01-22,0.0062273109600085455
2013-01-23,0.002412350575260251
2013-01-24,0.0012086411326723127
2013-01-25,0.007993864490945864
2013-01-28,-0.004471408017726217
2013-01-29,0.005914603637311958
2013-01-30,-0.003934450751272845
2013-01-31,-0.005268550411060037
2013-02-01,0.009722159135782766
2013-02-04,-0.012841033962320798
2013-02-05,0.012105972857913927
2013-02-06,-0.002139373056420496
2013-02-07,-0.007463332648559055
2013-02-08,0.010399273065455246
2013-02-11,-0.003904771706916165
2013-02-12,0.002538813686696554
2013-02-13,0.00332110623873324
2013-02-14,0.0013361198649070056
2013-02-15,0.002972150400172704
2013-02-19,0.0018772883110879071
2013-02-20,-0.01883110415479381
2013-02-21,-0.008868031140015093
2013-02-22,0.016155158314446236
2013-02-25,-0.021211195080673463
2013-02-26,0.009885775604407893
2013-02-27,0.015948974685563187
2013-02-28,0.00307226272951049
2013-03-01,0.00445014111832931
2013-03-04,0.010752880954923064
2013-03-05,0.009767953580105921
2013-03-06,0.0002804595403624418
2013-03-07,-0.0028846544583992287
2013-03-08,0.005099831287681827
2013-03-11,0.00036024632843699927
2013-03-12,-0.0007737099037328437
2013-03-13,0.003451037000825051
2013-03-14,0.00498219225404475
2013-03-15,-0.0025406480522296164
2013-03-18,-0.001873830488947374
2013-03-19,0.0014520076588593301
2013-03-20,0.011226456275786407
2013-03-21,-0.00941206368212636
2013-03-22,0.006677803942647661
2013-03-25,-0.002942055914560686
2013-03-26,0.00957373627755535
2013-03-27,0.0008056213559518963
2013-03-28,0.005925653498610382
2013-04-01,0.0
2013-04-02,0.0
2013-04-03,0.0
2013-04-04,0.0
2013-04-05,0.0
2013-04-08,0.0
2013-04-09,0.0
2013-04-10,0.0
2013-04-11,0.0
2013-04-12,0.0
2013-04-15,0.0
2013-04-16,0.0
2013-04-17,0.0
2013-04-18,0.0
2013-04-19,0.0
2013-04-22,0.0
2013-04-23,0.0
2013-04-24,0.0
2013-04-25,0.0
2013-04-26,0.0
2013-04-29,0.0
2013-04-30,0.0
2013-05-01,-0.014697773522040342
2013-05-02,0.017109423476513255
2013-05-03,0.01673829244636412
2013-05-06,0.003261015312000144
2013-05-07,0.0033480822433441105
2013-05-08,0.00046707608518569777
2013-05-09,-0.007743486224683535
2013-05-10,0.002816526290815608
2013-05-13,0.0024366682112698292
2013-05-14,0.01659966957228427
2013-05-15,0.0057699632070646045
2013-05-16,-0.00799816920000529
2013-05-17,0.011772643235633597
2013-05-20,-0.0048057756592776914
2013-05-21,-0.0012077266660985983
2013-05-22,-0.015249607367550218
2013-05-23,-0.0005678290552745599
2013-05-24,-0.0003530048637963026
2013-05-28,0.006900692606517593
2013-05-29,-0.012198033311260513
2013-05-30,0.005863212474912702
2013-05-31,-0.01202634735405754
2013-06-03,-0.004598951556135419
2013-06-04,-0.008017851300983798
2013-06-05,-0.01475766412357397
2013-06-06,0.014931940858221054
2013-06-07,0.013922281810135962
2013-06-10,0.0004361164410773638
2013-06-11,-0.011413090980213193
2013-06-12,-0.011417288994062693
2013-06-13,0.016767347247434686
2013-06-14,-0.0033102648292891255
2013-06-17,0.006597929412613302
2013-06-18,0.008576916362188297
2013-06-19,-0.015659312521557667
2013-06-20,-0.03198042632970576
2013-06-21,-0.001341271483837852
2013-06-24,-0.013186009667753962
2013-06-25,0.014571471149042215
2013-06-26,0.009653373671251722
2013-06-27,0.015265456483694283
2013-06-28,-0.0038173402869097093
2013-07-01,0.008475365921115792
2013-07-02,-0.003482656074713355
2013-07-03,-0.002938525379268536
2013-07-05,0.008463859669035715
2013-07-08,0.004715865231068132
2013-07-09,0.009126186164412957
2013-07-10,-0.0011564484599035996
2013-07-11,0.014319770471232413
2013-07-12,0.00698211275143704
2013-07-15,0.0032972811335163273
2013-07-16,-0.006250152451712071
2013-07-17,0.003741063930002182
2013-07-18,0.007836429946335165
2013-07-19,0.003412034600572886
2013-07-22,0.00300880328004722
2013-07-23,-0.005038468756645499
2013-07-24,-0.003322322235906345
2013-07-25,0.0027446796438680763
2013-07-26,-0.0004994746793168115
2013-07-29,-0.004640609677089576
2013-07-30,0.004028634510504649
2013-07-31,0.005106921026691895
2013-08-01,0.015046010348067143
2013-08-02,-0.0007911998697886675
2013-08-05,0.0018860262083787713
2013-08-06,-0.007192090024546894
2013-08-07,-0.007351793660525043
2013-08-08,0.00995591989075402
2013-08-09,-0.0006123077928903825
2013-08-12,-0.0025504664463550297
2013-08-13,0.0018041791522305345
2013-08-14,-0.0025145020897037284
2013-08-15,-0.018263129174454357
2013-08-16,-0.0012062982311331096
2013-08-19,-0.006178369373826792
2013-08-20,0.011897469960356118
2013-08-21,-0.004101690293301461
2013-08-22,0.011548300285979803
2013-08-23,0.002720577049116881
2013-08-26,-0.0027920744334973394
2013-08-27,-0.019461825442687437
2013-08-28,0.002712192767720982
2013-08-29,0.007235494512834522
2013-08-30,-0.0069339508718905575
2013-09-03,0.007558101057860949
2013-09-04,0.008426219817037086
2013-09-05,0.0037979587735327888
2013-09-06,-0.00027921111496684656
2013-09-09,0.013120971780213278
2013-09-10,0.013051325945875325
2013-09-11,0.0026135435473297456
2013-09-12,-0.003602338354248287
2013-09-13,0.004266908323638518
2013-09-16,0.007926549739568588
2013-09-17,0.006922685469836456
2013-09-18,0.01177768990563877
2013-09-19,-0.0018944253107189518
2013-09-20,-0.006968288482902721
2013-09-23,-0.0050131115997279
2013-09-24,0.0011441060235781219
2013-09-25,-0.0017764177610237607
2013-09-26,0.006554636433917816
2013-09-27,-0.005813054792657767
2013-09-30,-0.0024164107873032915
2013-10-01,0.01014248888606472
2013-10-02,-0.0014444832685662546
2013-10-03,-0.008230209351446777
2013-10-04,0.010238797316033024
2013-10-07,-0.008998598160639984
2013-10-08,-0.01796275318957666
2013-10-09,-0.001656030415955984
2013-10-10,0.02652326479382857
2013-10-11,0.00688902054402827
2013-10-14,0.0059581107262160204
2013-10-15,-0.006549134846177277
2013-10-16,0.016806909776833905
2013-10-17,0.009952407878788039
2013-10-18,0.005523235126770219
2013-10-21,-0.0004959715433373299
2013-10-22,0.0028120878502978434
2013-10-23,-0.0076054729485364805
2013-10-24,0.006680629631226537
2013-10-25,0.009201654610579459
2013-10-28,-0.004968504319121761
2013-10-29,0.006669001484267549
2013-10-30,-0.006426665815826939
2013-10-31,-0.0006020853641384039
2013-11-01,0.0027619027470503566
2013-11-04,0.007066050111052714
2013-11-05,-0.00215664209311746
2013-11-06,-0.005599696416715528
2013-11-07,-0.01442276463232952
2013-11-08,0.014921403012699381
2013-11-11,0.004082055528262185
2013-11-12,0.00014888131037271344
2013-11-13,0.010018895397380361
2013-11-14,0.005556111510930983
2013-11-15,0.0026279584785886823
2013-11-18,-0.007261921684398924
2013-11-19,-0.0033807127468865584
2013-11-20,-0.002175229456602119
2013-11-21,0.009428716649811476
2013-11-22,0.006258089965148345
2013-11-25,-0.0016958789170089703
2013-11-26,0.0017708875515411973
2013-11-27,0.00468154557589317
2013-11-29,-0.001809875753962288
2013-12-02,0.001146073804413969
2013-12-03,-0.0008772878181399577
2013-12-04,-0.001121639401303437
2013-12-05,-0.004926366406740167
2013-12-06,0.010407675337978171
2013-12-09,0.0013305129558565637
2013-12-10,3.439710083176506e-05
2013-12-11,-0.014431335303174713
2013-12-12,0.0031314794354534497
2013-12-13,0.0020970781130847764
2013-12-16,0.006392414859626001
2013-12-17,-0.001088743639246321
2013-12-18,0.009801928979884723
2013-12-19,-0.0031467323311512555
2013-12-20,0.01003028027402348
2013-12-23,0.0009746657685264773
2013-12-24,0.0033065356426448143
2013-12-26,0.0030549578016845994
2013-12-27,-0.004453562764182026
2013-12-30,-0.00010418369272456552
2013-12-31,0.004880650701398507
2014-01-02,-0.007362208797443679
2014-01-03,0.004314336626955131
2014-01-06,-0.003250452882290064
2014-01-07,0.006865851004696784
2014-01-08,0.00856586621659524
2014-01-09,0.002734217242653137
2014-01-10,0.0073494275286027245
2014-01-13,-0.015145020216352166
2014-01-14,0.01661901994854612
2014-01-15,0.0034274633636228566
2014-01-16,-0.007370997150196939
2014-01-17,-0.00542909548856357
2014-01-21,0.006930548183886935
2014-01-22,0.005233346470158932
2014-01-23,-0.006655266296632578
2014-01-24,-0.027860715019799073
2014-01-27,-0.011368769311676349
2014-01-28,0.018449471671608774
2014-01-29,-0.01083262051215165
2014-01-30,0.015647781230543657
2014-01-31,0.0024801989409343056
2014-02-03,-0.024519622305427202
2014-02-04,0.006976174153405242
2014-02-05,-9.434137098028773e-05
2014-02-06,0.0038337342267885403
2014-02-07,0.014030865413890523
2014-02-10,0.00157850330485003
2014-02-11,0.0071743883480148325
2014-02-12,0.004085202126070223
2014-02-13,0.010747577257288697
2014-02-14,0.0035423418841883337
2014-02-18,0.006739511894928027
2014-02-19,-0.006199851041714199
2014-02-20,0.009083337992084505
2014-02-21,0.00287007058620523
2014-02-24,0.0072157194992982145
2014-02-25,-0.0018252375244133838
2014-02-26,-0.003358795393277697
2014-02-27,0.007069336313046692
2014-02-28,-0.0006636044783917608
2014-03-03,-0.008139145982482682
2014-03-04,0.024267412906517766
2014-03-05,0.000277264264395402
2014-03-06,-0.000797564374431182
2014-03-07,-0.0009147170578083226
2014-03-10,-0.0012502882046151276
2014-03-11,-0.008699059335536484
2014-03-12,0.002471286661889514
2014-03-13,-0.011824993057280105
2014-03-14,0.0007478287722716231
2014-03-17,0.00608639578200878
2014-03-18,0.008965899675725251
2014-03-19,-0.00790835984868154
2014-03-20,0.003619918131203382
2014-03-21,-0.006699307542263552
2014-03-24,-0.00754697412219518
2014-03-25,0.002053765970496485
2014-03-26,-0.010928805860040344
2014-03-27,-0.0033437716695280248
2014-03-28,-0.00014525995211623634
2014-03-31,0.01439553397119335
2014-04-01,0.011523563410659117
2014-04-02,0.0021201173462866516
2014-04-03,-0.007454751801507035
2014-04-04,-0.020379703799505412
2014-04-07,-0.019125705441766023
2014-04-08,0.005352596236373927
2014-04-09,0.018201543388112786
2014-04-10,-0.027682066149909576
2014-04-11,-0.009487585538279303
2014-04-14,0.004948587353890876
2014-04-15,0.004371694755237578
2014-04-16,0.019044489420688343
2014-04-17,0.00538710851417751
2014-04-21,0.0061765055779718575
2014-04-22,0.009048107231680372
2014-04-23,-0.003346661145698197
2014-04-24,-0.003623282037108883
2014-04-25,-0.014016775479188111
2014-04-28,-0.00825130084979746
2014-04-29,0.012640799263834747
2014-04-30,0.004922946066576417
2014-05-01,-0.004160202663075492
2014-05-02,0.00340158613875937
2014-05-05,0.00128748921256478
2014-05-06,-0.0072222698820230274
2014-05-07,0.002243509586782144
2014-05-08,-0.008485738258980025
2014-05-09,0.0013620407729952244
2014-05-12,0.012440020173592836
2014-05-13,-0.000639538686638994
2014-05-14,-0.003939064768859589
2014-05-15,-0.008184297463071241
2014-05-16,0.0031280882457362775
2014-05-19,0.0030201401529035715
2014-05-20,-0.006624946305092567
2014-05-21,0.007654079366033748
2014-05-22,0.002738250285127333
2014-05-23,0.006459979258736101
2014-05-27,0.008744737033879551
2014-05-28,0.00035015283072794873
2014-05-29,0.006217946115246491
2014-05-30,-0.0007693723171608351
2014-06-02,0.0029492388241169963
2014-06-03,0.0016548554410695318
2014-06-04,0.004973660688772813
2014-06-05,0.004996006571680376
2014-06-06,0.0038851388185384946
2014-06-09,-0.0007487741378079508
2014-06-10,-0.0012698165630538436
2014-06-11,-0.0018752260651593738
2014-06-12,-0.010395349302050334
2014-06-13,0.002685964180268297
2014-06-16,0.0011185324305141384
2014-06-17,0.006133015647037318
2014-06-18,0.004656286733690507
2014-06-19,0.0073349326981697275
2014-06-20,0.001800896268279245
2014-06-23,-0.00023611501021170319
2014-06-24,-0.005727590697653269
2014-06-25,0.0032578077968870587
2014-06-26,0.0007628912796523113
2014-06-27,0.00013022666969818314
2014-06-30,0.0016348997740186738
2014-07-01,0.006764271695082314
2014-07-02,-0.003404494050388769
2014-07-03,0.004548933388975416
2014-07-07,-0.009695136998135933
2014-07-08,-0.008898425082606555
2014-07-09,0.0038197916011373924
2014-07-10,-0.0023792881617364803
2014-07-11,0.0011570808945348227
2014-07-14,0.005940418429972802
2014-07-15,-0.0020689832493212272
2014-07-16,-0.001039112714625423
2014-07-17,-0.010933233887406638
2014-07-18,0.01564759494713738
2014-07-21,-0.0006787895255740583
2014-07-22,0.005492849213499654
2014-07-23,0.00197185586897771
2014-07-24,0.0017683369829549467
2014-07-25,-0.0038776719335985917
2014-07-28,0.0008183219570822466
2014-07-29,-0.003789545134271782
2014-07-30,0.001057069948451366
2014-07-31,-0.01905662342730837
2014-08-01,0.0007868601420067824
2014-08-04,0.005885574872417628
2014-08-05,-0.009262581325269413
2014-08-06,0.00022167250584678044
2014-08-07,-0.0029533360318540693
2014-08-08,0.009525467400631885
2014-08-11,0.0061825812895982555
2014-08-12,-0.002049233872022593
2014-08-13,0.010179677346309996
2014-08-14,0.0053078579127707175
2014-08-15,0.0034517102979045263
2014-08-18,0.008216919406154856
2014-08-19,0.005524563170896945
2014-08-20,0.002521116637758435
2014-08-21,-0.0008557811370620386
2014-08-22,-0.0014015375031398156
2014-08-25,0.0059011985726903915
2014-08-26,-0.0013134801145403573
2014-08-27,0.00032850607185925585
2014-08-28,-0.00011567189895041042
2014-08-29,0.005669910353660553
2014-09-02,0.005411680374796829
2014-09-03,-0.00239061092652808
2014-09-04,-0.00254497183144343
2014-09-05,0.005615052399366748
2014-09-08,0.0007034384135287457
2014-09-09,-0.007955259884705827
2014-09-10,0.0054534099138611085
2014-09-11,0.0036357325102752197
2014-09-12,-0.007112858313052025
2014-09-15,-0.005224528101007616
2014-09-16,0.010782313392111366
2014-09-17,0.00279820262099507
2014-09-18,0.007094083679423329
2014-09-19,-0.0024281802976332542
2014-09-22,-0.010673236558876087
2014-09-23,-0.005528270327452461
2014-09-24,0.01038477561724005
2014-09-25,-0.016709014181180697
2014-09-26,0.008843060631392032
2014-09-29,0.0011290363897723784
2014-09-30,-0.0050417712629649124
2014-10-01,-0.022030089322624593
2014-10-02,0.0032686767471854722
2014-10-03,0.01915741685186753
2014-10-06,-0.005689220645692836
2014-10-07,-0.02031348893376636
2014-10-08,0.01645992866223308
2014-10-09,-0.024590323471499566
2014-10-10,-0.021855440861428353
2014-10-13,-0.029486870016682938
2014-10-14,0.011467038898644043
2014-10-15,-0.004750598301092608
2014-10-16,0.008463696168001137
2014-10-17,0.015735272269655397
2014-10-20,0.01569617166484585
2014-10-21,0.026127850069156938
2014-10-22,-0.00732117606031003
2014-10-23,0.008176091832489421
2014-10-24,0.00853649824804156
2014-10-27,-0.0006860713072072639
2014-10-28,0.014711675764858163
2014-10-29,-0.002011674370436724
2014-10-30,0.00344216830929741
2014-10-31,0.013869540506273209
2014-11-03,-0.0005010137371929296
2014-11-04,-0.0035915629550949918
2014-11-05,0.0024616771044971087
2014-11-06,0.007884398846352437
2014-11-07,0.00022939109131415585
2014-11-10,0.005491327620654427
2014-11-11,0.0013242326419445139
2014-11-12,-0.0014810530047850118
2014-11-13,0.0012172356665778466
2014-11-14,-0.00012151529500865953
2014-11-17,0.0040970221446259645
2014-11-18,0.004439127018821312
2014-11-19,-0.0036242318593448074
2014-11-20,0.0010714830626956716
2014-11-21,0.0015391840918088206
2014-11-24,0.004030039460786647
2014-11-25,0.0009026850524227138
2014-11-26,0.004345087225788037
2014-11-28,0.0010896672245398567
2014-12-01,-0.012170763563495475
2014-12-02,0.007192291454668763
2014-12-03,0.005793155285140879
2014-12-04,0.0012963872911237728
2014-12-05,0.0013960332203912479
2014-12-08,-0.005963864299415301
2014-12-09,-0.00012885492276085167
2014-12-10,-0.012996456143450474
2014-12-11,0.005431448407480076
2014-12-12,-0.013184354071648998
2014-12-15,-0.005354768656669559
2014-12-16,-0.008152322259297459
2014-12-17,0.019290293548477944
2014-12-18,0.019670037149986525
2014-12-19,0.0003378578761543919
2014-12-22,0.003391509417058285
2014-12-23,-0.0009204535929685331
2014-12-24,0.00309863862735265
2014-12-26,0.0022266133071654694
2014-12-29,0.001042154108914725
2014-12-30,-0.005466063498509763
2014-12-31,-0.00951554311207884
2015-01-02,0.0005987655192700108
2015-01-05,-0.009959915882594376
2015-01-06,-0.007343423361037537
2015-01-07,0.01158339234415709
2015-01-08,0.017745191363527202
2015-01-09,-0.006613246895957157
2015-01-12,-0.005603463649417912
2015-01-13,-0.0003172231957256073
2015-01-14,-0.0023620005990263875
2015-01-15,-0.005240570628022575
2015-01-16,0.011757822606730656
2015-01-20,0.004481556760348004
2015-01-21,0.0020802822996858145
2015-01-22,0.01406399278963683
2015-01-23,0.0007158805036604067
2015-01-26,0.003477778946863284
2015-01-27,-0.006800094278760152
2015-01-28,-0.0054014800356233725
2015-01-29,0.007885978664002844
2015-01-30,-0.015325609970757447
2015-02-02,0.004141990962069504
2015-02-03,0.005861279484755741
2015-02-04,0.002414759871868198
2015-02-05,0.0061314092299045615
2015-02-06,-0.009056491174299472
2015-02-09,-0.009498035972903707
2015-02-10,0.014691848611183052
2015-02-11,0.002114565049547314
2015-02-12,0.0072424889071595645
2015-02-13,-0.003539767997684265
2015-02-17,0.0014930481436813286
2015-02-18,0.006327685157974473
2015-02-19,-0.0031838173048502868
2015-02-20,0.00450658034263529
2015-02-23,0.0034259879643769964
2015-02-24,0.0013676588376070043
2015-02-25,-0.003016289532831502
2015-02-26,-0.0015482458976982872
2015-02-27,-0.0007971728884497918
2015-03-02,0.005578033705119499
2015-03-03,-0.003924990682731231
2015-03-04,-0.004405845632952127
2015-03-05,0.004767313006909519
2015-03-06,-0.010633461270457811
2015-03-09,0.004801334673511926
2015-03-10,-0.011167844044097047
2015-03-11,0.0026504057198893476
2015-03-12,0.01113129958527406
2015-03-13,-0.002426966151257476
2015-03-16,0.014674688533849005
2015-03-17,-0.0014633605825966863
2015-03-18,0.006968652586891435
2015-03-19,0.001257708336311653
2015-03-20,0.002723374246450415
2015-03-23,-0.001765401798606802
2015-03-24,-0.00442002255393282
2015-03-25,-0.01581186480282258
2015-03-26,-0.002210980492079229
2015-03-27,0.007253797865733615
2015-03-30,0.010166531451287944
2015-03-31,-0.006874393775714432
2015-04-01,-0.004862530160377555
2015-04-02,0.0008719607434729477
2015-04-06,0.0030927754730687403
2015-04-07,-0.004437096149954733
2015-04-08,0.006277234091119049
2015-04-09,-0.0010596033269237096
2015-04-10,0.0032175625516832436
2015-04-13,-0.004197988459786098
2015-04-14,-0.00181484061881228
2015-04-15,-0.0013413753849133914
2015-04-16,0.0010622058443201363
2015-04-17,-0.010495093174257035
2015-04-20,0.007321683437585987
2015-04-21,0.00415359757923775
2015-04-22,0.0015297728695440166
2015-04-23,0.0029823952163825678
2015-04-24,0.0008293701774437942
2015-04-27,-0.009185837280572866
2015-04-28,-0.0023300153074523396
2015-04-29,-0.009190458036964165
2015-04-30,-0.011747385117628012
2015-05-01,0.01585220480336861
2015-05-04,0.0040832741241824955
2015-05-05,-0.01762511608234798
2015-05-06,0.0008941938067396817
2015-05-07,0.013017901034977119
2015-05-08,0.0116405016804952
2015-05-11,0.002544585206616221
2015-05-12,-0.0022890068105166765
2015-05-13,-0.0008597940312497863
2015-05-14,0.012931501982602765
2015-05-15,0.0037820149438069165
2015-05-18,0.008055484265657236
2015-05-19,0.001333178837495783
2015-05-20,-0.00857080195672832
2015-05-21,0.000812597992278794
2015-05-22,-0.0016169859443122677
2015-05-26,-0.006329494020486548
2015-05-27,0.012346190242737119
2015-05-28,-0.0009845231573885817
2015-05-29,-0.003085707165043999
2015-06-01,0.0018116082754005207
2015-06-02,-0.004410168559184333
2015-06-03,0.0011965899269722568
2015-06-04,-0.009425248930426422
2015-06-05,0.0013993597740631204
2015-06-08,-0.008571642240925601
2015-06-09,-0.0016539963184193911
2015-06-10,0.011624305257837506
2015-06-11,0.0035009601455924548
2015-06-12,-0.004538112638086451
2015-06-15,-0.0021883021906578034
2015-06-16,0.006855118804907252
2015-06-17,0.00666422306410135
2015-06-18,0.012105942167716682
2015-06-19,-0.003360886864144391
2015-06-22,0.008301350107006715
2015-06-23,-0.00021030000037691165
2015-06-24,-0.011818762130501002
2015-06-25,-0.0011086303568837203
2015-06-26,0.0013333487640128806
2015-06-29,-0.022019339840812044
2015-06-30,0.004123964341730275
2015-07-01,0.008944381608606182
2015-07-02,-0.0031652036072239327
2015-07-06,-0.0006381486342460999
2015-07-07,0.005042884878630614
2015-07-08,-0.016579604569686563
2015-07-09,0.004714369862539803
2015-07-10,0.01959593525926604
2015-07-13,0.010357794378800871
2015-07-14,0.0036773698763874554
2015-07-15,-0.001533650256817278
2015-07-16,0.010769074857698378
2015-07-17,-0.0010911370242757893
2015-07-20,0.0008488113297220861
2015-07-21,-0.004205329649419301
2015-07-22,0.002106861472238315
2015-07-23,-0.0021043257530840177
2015-07-24,-0.009890747550954215
2015-07-27,-0.012738966157110527
2015-07-28,0.011078130698637736
2015-07-29,0.008029743643273586
2015-07-30,0.002211408006840451
2015-07-31,0.0049496769320549056
2015-08-03,-0.002565167466523092
2015-08-04,0.0013036523178890824
2015-08-05,0.010596500034439139
2015-08-06,-0.01002074110497083
2015-08-07,0.0022763936902229975
2015-08-10,0.008343978281613157
2015-08-11,-0.0037464861293143607
2015-08-12,-0.0020906772507726513
2015-08-13,0.006292737322801086
2015-08-14,0.005159539539314913
2015-08-17,0.011211659084831276
2015-08-18,-0.0026684185307722444
2015-08-19,-0.008309606397152497
2015-08-20,-0.026828249059540878
2015-08-21,-0.02918768290380605
2015-08-24,-0.0416655023935564
2015-08-25,-0.006229099992408857
2015-08-26,0.03467781722823968
2015-08-27,0.01979310188424395
2015-08-28,0.0025499664028788603
2015-08-31,-0.008928892470930868
2015-09-01,-0.024264630736086118
2015-09-02,0.014233664644582231
2015-09-03,0.0026436398400352407
2015-09-04,-0.007933927304352013
2015-09-08,0.02264270597900745
2015-09-09,-0.007385227167694576
2015-09-10,0.004099306582552388
2015-09-11,0.006877913924620445
2015-09-14,-0.003574181740882229
2015-09-15,0.007267990427241641
2015-09-16,0.0032875950108357354
2015-09-17,0.00265499211377648
2015-09-18,-0.00925555792644851
2015-09-21,0.0053040920324823335
2015-09-22,-0.011638942260511851
2015-09-23,0.003656200545593225
2015-09-24,-0.004777681256219482
2015-09-25,-0.0018698287168128509
2015-09-28,-0.025700839911591476
2015-09-29,-0.004109410015168429
2015-09-30,0.01755087549517413
2015-10-01,0.005186662215055282
2015-10-02,0.008412718379433031
2015-10-05,0.009467852073528685
2015-10-06,-0.011304725721139837
2015-10-07,0.006468688685110231
2015-10-08,0.0054624771514808846
2015-10-09,0.001500200944632517
2015-10-12,0.0032456181529081016
2015-10-13,-0.010139480287605647
2015-10-14,-0.008093182069468503
2015-10-15,0.013876740814250235
2015-10-16,0.0038893374967244954
2015-10-19,0.004217320845321493
2015-10-20,-0.002226495254520192
2015-10-21,-0.005903516555565046
2015-10-22,0.00885837327279102
2015-10-23,0.00024527836792254
2015-10-26,0.0010306567653750782
2015-10-27,-0.002044904279118865
2015-10-28,0.01053597301832749
2015-10-29,-0.0032602826019269586
2015-10-30,0.0002717124498316499
2015-11-02,0.006056813962594091
2015-11-03,-0.0031089978858315883
2015-11-04,-0.0003830390336502394
2015-11-05,0.0009220312784706214
2015-11-06,-0.0011698832664642934
2015-11-09,-0.005726194192942721
2015-11-10,0.004977301210699391
2015-11-11,0.0003354322440249515
2015-11-12,-0.008306984770866659
2015-11-13,-0.0097682715811949
2015-11-16,0.008853059167029404
2015-11-17,0.00322309415197145
2015-11-18,0.009073597922681812
2015-11-19,-7.604933544299284e-05
2015-11-20,0.0059770655125297575
2015-11-23,0.0008224758537572714
2015-11-24,-0.0005590344986161707
2015-11-25,0.0024405297365014678
2015-11-27,0.00422340066294447
2015-11-30,-0.004930620223589381
2015-12-01,0.007494004598835326
2015-12-02,-0.004849517166205299
2015-12-03,-0.010580704692686875
2015-12-04,0.016075301940711995
2015-12-07,-0.00446965293439823
2015-12-08,0.0012448980222670649
2015-12-09,-0.01136110890283734
2015-12-10,0.0010385769732717445
2015-12-11,-0.01158862488928656
2015-12-14,0.005035949440879343
2015-12-15,0.003935840676418978
2015-12-16,0.008264898106927713
2015-12-17,-0.00895047079280974
2015-12-18,-0.009643719977765877
2015-12-21,0.004509807532765343
2015-12-22,0.004300340710895682
2015-12-23,0.004127483912687089
2015-12-24,0.00022997080470632262
2015-12-28,0.0022734481741736937
2015-12-29,0.0067162237055934364
2015-12-30,-0.004883719445139585
2015-12-31,-0.00833421885409536
2016-01-04,-0.016693844928338992
2016-01-05,0.003428078176945311
2016-01-06,-0.003879902185572341
2016-01-07,-0.014044906132961542
2016-01-08,-0.010322813714315815
2016-01-11,0.00013735816861511457
2016-01-12,0.007295462164100009
2016-01-13,-0.022834574588335384
2016-01-14,0.011471916420048422
2016-01-15,-0.014482147553012081
2016-01-19,0.0013909317906685246
2016-01-20,-0.006356144255017619
2016-01-21,0.001107103124017161
2016-01-22,0.020151210518777468
2016-01-25,-0.010834893974554772
2016-01-26,0.0061368846363444125
2016-01-27,-0.012831104484363275
2016-01-28,0.0018160701362451574
2016-01-29,0.02021544949549323
2016-02-01,0.0026839284884104192
2016-02-02,-0.012623169508415653
2016-02-03,-0.003995762331989746
2016-02-04,-0.0013815836013186616
2016-02-05,-0.024832481144124275
2016-02-08,-0.019973001562734904
2016-02-09,0.0037561809535269957
2016-02-10,0.0054794437746677315
2016-02-11,-0.006921981595379168
2016-02-12,0.011107253687645901
2016-02-16,0.016975520694488287
2016-02-17,0.013350069191680747
2016-02-18,-0.005037500778703248
2016-02-19,0.0032096643184575608
2016-02-22,0.01004069580122378
2016-02-23,-0.005141865616996244
2016-02-24,0.005470568559683697
2016-02-25,0.011487638730531033
2016-02-26,-0.0014839770406352766
2016-02-29,-0.0058819359940203335
2016-03-01,0.015734415562846073
2016-03-02,0.004658769346151462
2016-03-03,0.0011321415429015958
2016-03-04,0.0008808177575925918
2016-03-07,-0.004344654823379375
2016-03-08,-0.0035905662943970643
2016-03-09,0.0038691577251239936
2016-03-10,-5.435150988753071e-05
2016-03-11,0.013120413779876463
2016-03-14,0.0006896143081882351
2016-03-15,-0.0007556374687814074
2016-03-16,0.006522445724266603
2016-03-17,0.0008413342075122251
2016-03-18,0.0022179828437621806
2016-03-21,-0.0015042263251628702
2016-03-22,0.0031136242423954537
2016-03-23,-0.0014581642201768575
2016-03-24,5.709032383159699e-06
2016-03-28,0.0020042126112694743
2016-03-29,0.01238459925563067
2016-03-30,0.001832586250107186
2016-03-31,0.0003917356590810989
2016-04-01,0.008005274701218803
2016-04-04,-0.0029892964889311974
2016-04-05,-0.007493434084839984
2016-04-06,0.008181531579919028
2016-04-07,-0.005393220089133946
2016-04-08,0.0035749930484056036
2016-04-11,-0.004331621053959052
2016-04-12,0.001998917026799235
2016-04-13,0.0037097937174563585
2016-04-14,-0.004395744710084705
2016-04-15,0.002750396113419801
2016-04-18,0.004507265900057559
2016-04-19,-0.00156131977602743
2016-04-20,-0.0019070817779291785
2016-04-21,-0.010400107285503325
2016-04-22,-0.0010556065968572524
2016-04-25,0.0023186777149631493
2016-04-26,0.0008307880685148994
2016-04-27,0.005308174151181426
2016-04-28,-0.009697120830883144
2016-04-29,-0.0037805732930946715
2016-05-02,0.011791470359361818
2016-05-03,-0.0055199092543277
2016-05-04,-0.0008578023441104614
2016-05-05,0.0018241831979692936
2016-05-06,0.0055873415441546545
2016-05-09,0.005367780325099742
2016-05-10,0.00947451214533486
2016-05-11,-0.006701539612866335
2016-05-12,0.004622025256332008
2016-05-13,-0.00245324895255745
2016-05-16,0.007082073183446582
2016-05-17,-0.013615932374529977
2016-05-18,-0.0023742147347031884
2016-05-19,-0.002886254409437933
2016-05-20,0.0053416026261275265
2016-05-23,-0.0022942897589163565
2016-05-24,0.016125764074501128
2016-05-25,-0.0008195219998725931
2016-05-26,0.0015966158696280645
2016-05-27,0.005469284324868522
2016-05-31,-0.0015585365496595903
2016-06-01,0.0016775169899208547
2016-06-02,0.001771073695806253
2016-06-03,-0.0014947936035287043
2016-06-06,0.0007404371653857305
2016-06-07,0.0017135232784909024
2016-06-08,0.004876116930993144
2016-06-09,0.003644117421254277
2016-06-10,-0.00830663935517673
2016-06-13,-0.006418539019937813
2016-06-14,0.0009676189247693784
2016-06-15,-0.0019732334329861326
2016-06-16,0.004619951250464679
2016-06-17,-0.005690128243343518
2016-06-20,0.006609236050679053
2016-06-21,0.0032692499076574927
2016-06-22,-0.001462261551327781
2016-06-23,0.010640927012270571
2016-06-24,-0.021223594259939166
2016-06-27,-0.012338931425403064
2016-06-28,0.01625841458267767
2016-06-29,0.013276962052197704
2016-06-30,0.0172523075361557
2016-07-01,0.0008500589728421534
2016-07-05,0.0001461064915631584
2016-07-06,0.004595857616724193
2016-07-07,-0.0017871588040118882
2016-07-08,0.011196077125379032
2016-07-11,0.0027071454512377757
2016-07-12,0.0017778878446809586
2016-07-13,0.00028859228455872793
2016-07-14,0.0005372417303162217
2016-07-15,-0.0020061860713185436
2016-07-18,8.537125672223247e-05
2016-07-19,0.0016416052737482137
2016-07-20,0.0026685881728350782
2016-07-21,-0.00775149113688898
2016-07-22,0.008047907767864682
2016-07-25,-0.00041300991994857813
2016-07-26,-0.0014913061043028753
2016-07-27,-0.003666873010550128
2016-07-28,0.0047347130369787
2016-07-29,0.0010208905133755365
2016-08-01,-0.00034818074582478097
2016-08-02,-0.002720226840867465
2016-08-03,-0.0026248139196163893
2016-08-04,0.0034196919899642363
2016-08-05,0.002373373050726448
2016-08-08,-0.003920124875324597
2016-08-09,0.0031561073757968433
2016-08-10,-0.0018249015099852837
2016-08-11,0.0020450923874235825
2016-08-12,0.0010225754025396593
2016-08-15,0.002162710216298344
2016-08-16,-0.010364735866217003
2016-08-17,0.0023380939466743035
2016-08-18,0.005783968494805695
2016-08-19,0.002361394353461656
2016-08-22,0.0017160209072357396
2016-08-23,-0.0013560167124130524
2016-08-24,-0.006419806192399534
2016-08-25,0.0010256653898420972
2016-08-26,-0.0047493922034953125
2016-08-29,0.007549417337389038
2016-08-30,-0.005637320659654983
2016-08-31,-0.001451905146652918
2016-09-01,0.003568930389786456
2016-09-02,0.008042105505161748
2016-09-06,0.004072908650133141
2016-09-07,-0.0014425377210060802
2016-09-08,-0.007971543504850095
2016-09-09,-0.03986066065486055
2016-09-12,0.018949354110411085
2016-09-13,-0.021515375166882858
2016-09-14,0.00015578994374788923
2016-09-15,0.016397539296537898
2016-09-16,-0.006403338730219218
2016-09-19,0.00693265245355488
2016-09-20,-0.000434244256768806
2016-09-21,0.01655970137820044
2016-09-22,0.010115455290952313
2016-09-23,-0.00974697089054317
2016-09-26,-0.004711215102084678
2016-09-27,0.010812109288788892
2016-09-28,0.0048090645985628955
2016-09-29,-0.012848423701771656
2016-09-30,0.008889496511949785
2016-10-03,-0.006879579923406848
2016-10-04,-0.008406387660422097
2016-10-05,0.0032805918431663755
2016-10-06,0.0014835096605090186
2016-10-07,-0.006445291047949495
2016-10-10,0.006383156940313757
2016-10-11,-0.014780883042655804
2016-10-12,0.005082944173542184
2016-10-13,-0.0014543286476395734
2016-10-14,0.00022546518062308924
2016-10-17,-0.0007262951578092999
2016-10-18,0.005207101539625522
2016-10-19,0.0017214856869231577
2016-10-20,-0.0027019661648911074
2016-10-21,-0.003126940646714353
2016-10-24,0.0072794651357443755
2016-10-25,-0.005624461756272063
2016-10-26,-0.008435764228520362
2016-10-27,-0.009460955273893717
2016-10-28,0.0024493132234972015
2016-10-31,0.006291290496653943
2016-11-01,-0.010971458057160014
2016-11-02,-0.012073324219884251
2016-11-03,-0.0029556151802127054
2016-11-04,-0.00042133330392501956
2016-11-07,0.021978186810023982
2016-11-08,0.0038814880375145646
2016-11-09,-0.0012917182413478266
2016-11-10,-0.006569748469559944
2016-11-11,0.005194364531257817
2016-11-14,-0.0034959646226250048
2016-11-15,0.012303528146260054
2016-11-16,0.0014843799931772922
2016-11-17,0.006436289200974896
2016-11-18,-0.0018392532301076754
2016-11-21,0.0076935070362169535
2016-11-22,0.0030560380883775094
2016-11-23,0.00265168803877547
2016-11-25,0.004038036322513969
2016-11-28,-0.006325052095974348
2016-11-29,0.0037711729565675562
2016-11-30,-0.006191339253225533
2016-12-01,-0.011592719305969496
2016-12-02,0.0032591507810034283
2016-12-05,0.003827240726853573
2016-12-06,0.0031745140846850717
2016-12-07,0.012245905719223255
2016-12-08,-0.0013235142452355567
2016-12-09,-0.0013314061643867141
2016-12-12,0.0002511602839735125
2016-12-13,0.0034906335493322077
2016-12-14,-0.006249382478622507
2016-12-15,0.003600299355944036
2016-12-16,-0.0019488303039926396
2016-12-19,0.0015465609110268345
2016-12-20,0.002836636653531681
2016-12-21,-0.0005799443619560944
2016-12-22,-0.0028223337566476185
2016-12-23,0.0016341852114557618
2016-12-27,0.0019446008273030836
2016-12-28,-0.008868718423710101
2016-12-29,0.0034478051593923873
2016-12-30,-0.005450241273295657
2017-01-03,0.004831461845975644
2017-01-04,0.009839704473722136
2017-01-05,-0.0061931457651244245
2017-01-06,0.0020443779171931114
2017-01-09,-0.0041583381374953755
2017-01-10,0.006170140871186952
2017-01-11,0.0037992187147183293
2017-01-12,-0.006445306346265614
2017-01-13,0.0031395646546377195
2017-01-17,-0.007305458015657667
2017-01-18,0.006779120639760295
2017-01-19,-0.006793531651798125
2017-01-20,0.002102570526849098
2017-01-23,-0.002827954429633445
2017-01-24,0.013740071373912095
2017-01-25,0.006168080631974982
2017-01-26,-0.0034432517823449883
2017-01-27,-0.0005907516283475505
2017-01-30,-0.0076302486783173555
2017-01-31,0.002312572607532459
2017-02-01,0.001666407920820354
2017-02-02,0.003153352338566546
2017-02-03,0.010416968421543136
2017-02-06,-0.0015302602994294952
2017-02-07,0.00026438221696142004
2017-02-08,-0.00021974273808768666
2017-02-09,0.008041682646082791
2017-02-10,0.0032180486239884623
2017-02-13,0.002872721767179275
2017-02-14,0.0020241825810621977
2017-02-15,0.0035744546758198553
2017-02-16,-0.001714243315925237
2017-02-17,-0.0010312260640422326
2017-02-21,0.008553449751649227
2017-02-22,-0.0033712004510723557
2017-02-23,-0.0046706690920411825
2017-02-24,0.002663597706521342
2017-02-27,0.0038093989035528834
2017-02-28,-0.0021118208320330405
2017-03-01,0.015527687128026497
2017-03-02,-0.00882682993295444
2017-03-03,0.004348465778232452
2017-03-06,-0.003825532850038665
2017-03-07,-0.0047790457365749755
2017-03-08,-0.00368614855994463
2017-03-09,-0.0009273427426311113
2017-03-10,0.004089587138391764
2017-03-13,0.0037106620670152943
2017-03-14,-0.004693257142847683
2017-03-15,0.009721353510474613
2017-03-16,-0.003050105508192056
2017-03-17,-0.00040815981481269394
2017-03-20,-0.0016464896209933792
2017-03-21,-0.02130291152834346
2017-03-22,0.006216110791584288
2017-03-23,0.00042307121710047157
2017-03-24,0.0007900146203377896
2017-03-27,-0.0046976566174356735
2017-03-28,0.009277496400070057
2017-03-29,0.004640422109179431
2017-03-30,0.005189921937027081
2017-03-31,-0.0012246876974503582
2017-04-03,-0.0024852134653376295
2017-04-04,-0.0008951136594575943
2017-04-05,-0.007403891030078074
2017-04-06,0.005931549148156223
2017-04-07,-0.0013489669488604532
2017-04-10,-0.0015664153928798864
2017-04-11,0.0003443000458582438
2017-04-12,-0.008243851885858085
2017-04-13,-0.00961713223577694
2017-04-17,0.012670877785068278
2017-04-18,0.00028267406942208463
2017-04-19,0.002810905317802737
2017-04-20,0.010988281379462752
2017-04-21,-0.0037310816830656178
2017-04-24,0.01477540927913689
2017-04-25,0.00736039562180325
2017-04-26,0.00039321666949183935
2017-04-27,0.004886715128437014
2017-04-28,0.0014615439284275731
2017-05-01,0.0034319146510317657
2017-05-02,-0.004362320858863452
2017-05-03,-0.0061952195917704955
2017-05-04,-6.28316156400209e-05
2017-05-05,0.009908406711124784
2017-05-08,-0.0025944217082103788
2017-05-09,-0.0004499201935336476
2017-05-10,0.009816755386145973
2017-05-11,-0.0025233660590169853
2017-05-12,-0.0013922658515607117
2017-05-15,0.008289744073164221
2017-05-16,0.0012329257567164319
2017-05-17,-0.02733837056749447
2017-05-18,0.007078032915334628
2017-05-19,0.006894612906635619
2017-05-22,0.01076690070102723
2017-05-23,0.010524043461180556
2017-05-24,0.005467099131550539
2017-05-25,0.01614351643023018
2017-05-26,-0.0020264576217415868
2017-05-30,-0.0026148007768100664
2017-05-31,0.0009515406765400668
2017-06-01,0.00879148578377829
2017-06-02,0.0048639211946922035
2017-06-05,-0.006162120933341205
2017-06-06,-0.001779107258978487
2017-06-07,0.0032302644964214383
2017-06-08,0.0038474674033180667
2017-06-09,-0.008493252743284161
2017-06-12,-0.0038635955404496135
2017-06-13,0.008969646118689563
2017-06-14,-0.004103943393190009
2017-06-15,-0.0016663094287087336
2017-06-16,-0.0012198453685384272
2017-06-19,0.012087252778778272
2017-06-20,-0.008173265657925378
2017-06-21,0.0002676957653826804
2017-06-22,-0.0004957741191034745
2017-06-23,0.00017370095563960482
2017-06-26,0.0017266304481948942
2017-06-27,-0.013982704956395179
2017-06-28,0.01052879485700248
2017-06-29,-0.013450407658734528
2017-06-30,0.0027517274847613663
2017-07-03,0.0003021303271780024
2017-07-05,0.006212703524115891
2017-07-06,-0.007197199482235772
2017-07-07,0.009351627870831804
2017-07-10,0.0005549689663621192
2017-07-11,0.00034925198028944393
2017-07-12,0.008338284316568533
2017-07-13,0.0004051494483656012
2017-07-14,0.00431378756106029
2017-07-17,7.482908580297713e-05
2017-07-18,0.0013446566722521223
2017-07-19,0.007065580101264459
2017-07-20,-0.0027131770352113098
2017-07-21,0.0002851192443891231
2017-07-24,0.002973114023776887
2017-07-25,-0.0009415474193380164
2017-07-26,-0.0012772839908078992
2017-07-27,-0.007464480031644578
2017-07-28,0.00034095602214656313
2017-07-31,-0.002827249452972688
2017-08-01,0.0021939974045308854
2017-08-02,-0.002798115278599979
2017-08-03,0.006510642631176021
2017-08-04,0.006571342909112481
2017-08-07,0.006545159471359828
2017-08-08,0.0006180105897420837
2017-08-09,-0.00447003238273754
2017-08-10,-0.01761630033293568
2017-08-11,0.0003899754860594521
2017-08-14,0.016843993839948113
2017-08-15,0.004380506070462314
2017-08-16,0.0017444554856156091
2017-08-17,-0.02211310101904304
2017-08-18,0.00047076781676714304
2017-08-21,-0.0006398008406757044
2017-08-22,0.014557972322157473
2017-08-23,-0.0006000523954775198
2017-08-24,5.924627040695158e-05
2017-08-25,0.0021973075745844897
2017-08-28,0.0009111129602675668
2017-08-29,-0.00466828840484438
2017-08-30,0.010246717384187122
2017-08-31,0.005653533870608799
2017-09-01,0.003024771489106304
2017-09-05,-0.010126302838009946
2017-09-06,-0.0006166924239063957
2017-09-07,0.0027985139021428733
2017-09-08,-0.0016754908525494243
2017-09-11,0.015302356175729302
2017-09-12,-0.001113410428408824
2017-09-13,-0.0008342541098002206
2017-09-14,0.001265910114963839
2017-09-15,0.00307676848663633
2017-09-18,0.0055165980023069265
2017-09-19,0.0015989633284658605
2017-09-20,0.0009964479023491268
2017-09-21,-0.0017748400380489132
2017-09-22,-0.0012114524445522852
2017-09-25,-0.00781914938293679
2017-09-26,0.0014038279410149557
2017-09-27,0.006352051310735778
2017-09-28,0.0033214159490332932
2017-09-29,0.0036786377790318315
2017-10-02,0.0012873819646769626
2017-10-03,0.003447701832242359
2017-10-04,0.004401079770792753
2017-10-05,0.006559645721744534
2017-10-06,0.0036691684233514594
2017-10-09,-2.1797084312975765e-05
2017-10-10,0.0028815610211591403
2017-10-11,0.004244100076843961
2017-10-12,0.0029998492651086475
2017-10-13,0.0015428098510997831
2017-10-16,0.0010133960460843203
2017-10-17,-0.0003898917631894529
2017-10-18,0.0014062030383796963
2017-10-19,0.0009155490804171289
2017-10-20,0.008735885432746627
2017-10-23,-0.004031772124624314
2017-10-24,0.004638423373459912
2017-10-25,-0.011234543104478587
2017-10-26,0.006819280101890115
2017-10-27,0.012857504647533817
2017-10-30,-0.004642779814070748
2017-10-31,0.010894710490390633
2017-11-01,0.0004580243905252209
2017-11-02,-0.00031667581056574315
2017-11-03,0.0114243560660687
2017-11-06,0.006087628876751938
2017-11-07,0.0009087151549362368
2017-11-08,0.001351919815006928
2017-11-09,-0.009643556546766147
2017-11-10,0.004068563710767173
2017-11-13,0.0036976288656007804
2017-11-14,-0.00047168762869871693
2017-11-15,-0.005461532646389597
2017-11-16,0.012992938213549037
2017-11-17,0.00042220024400591353
2017-11-20,0.007462406596320852
2017-11-21,0.009380604457262043
2017-11-22,-0.0031338213058580734
2017-11-24,0.00231513250459401
2017-11-27,-0.005516985693305471
2017-11-28,0.010049159872237892
2017-11-29,-0.013503734525007782
2017-11-30,0.011090444213944516
2017-12-01,-0.008075848190301623
2017-12-04,-0.013289286050204685
2017-12-05,-0.0006841684078489868
2017-12-06,0.0013083598678381354
2017-12-07,0.012650947461592104
2017-12-08,0.008519008214524112
2017-12-11,0.001847350393474195
2017-12-12,-0.0029016433234991673
2017-12-13,0.0007357829035831399
2017-12-14,-0.0052932668453844
2017-12-15,0.01007962542198935
2017-12-18,0.00867918543312835
2017-12-19,-0.004302517173204661
2017-12-20,0.002362765463464191
2017-12-21,-0.0012497678512937579
2017-12-22,0.0009494097607470443
2017-12-26,-0.0004657326850575064
2017-12-27,0.001968718498593017
2017-12-28,0.0045380818892392025
2017-12-29,-0.005513137815963642
2018-01-02,0.0026002652468944225
2018-01-03,0.012807944230757057
2018-01-04,0.003197822784316521
2018-01-05,0.010771410846194172
2018-01-08,0.012048300859294911
2018-01-09,0.0018085346096454878
2018-01-10,-0.007780170736186845
2018-01-11,0.009374923429558375
2018-01-12,0.005498371993785775
2018-01-16,-0.009709135265973974
2018-01-17,0.016594353553285007
2018-01-18,-0.002054476852797184
2018-01-19,0.011175395080653502
2018-01-22,0.00780384333593702
2018-01-23,0.005792224578425449
2018-01-24,-0.003431759773949457
2018-01-25,0.0009409503953934368
2018-01-26,0.009328609019217992
2018-01-29,-0.019231185087919628
2018-01-30,-0.007410160188277674
2018-01-31,0.005024385541524584
2018-02-01,-0.003797092519540598
2018-02-02,-0.022351259292570973
2018-02-05,-0.039976163645451965
2018-02-06,0.01742183853912496
2018-02-07,-0.0016698593813176314
2018-02-08,-0.04234207924403946
2018-02-09,0.014712387892652527
2018-02-12,0.017292868748695935
2018-02-13,0.009166905483642896
2018-02-14,0.020723841156209916
2018-02-15,0.011672817406838162
2018-02-16,0.0006736875979648327
2018-02-20,-0.003212716772559434
2018-02-21,-0.007126503084825225
2018-02-22,0.004526120168074405
2018-02-23,0.017331436741660527
2018-02-26,0.007496883845386472
2018-02-27,-0.01287714499699193
2018-02-28,-0.009470000814231438
2018-03-01,-0.010497525458995339
2018-03-02,0.007862527423547
2018-03-05,0.01192294007908688
2018-03-06,0.008276804928488195
2018-03-07,0.0027829878513597694
2018-03-08,0.006136101626773127
2018-03-09,0.014499031877513736
2018-03-12,-0.001507075900220753
2018-03-13,-0.003795023696720926
2018-03-14,-0.001125343174986839
2018-03-15,-0.0022767662921568555
2018-03-16,0.0028021472903622603
2018-03-19,-0.009401203314949376
2018-03-20,0.010292522447084253
2018-03-21,0.00021313348444191872
2018-03-22,-0.021878620254355195
2018-03-23,-0.0166121391316618
2018-03-26,0.024500373918274518
2018-03-27,-0.01833272133843175
2018-03-28,-0.00732052635988324
2018-03-29,0.01564636435219821
2018-04-02,0.0
2018-04-03,0.0
2018-04-04,0.0
2018-04-05,0.0
2018-04-06,0.0
2018-04-09,0.0
2018-04-10,0.0
2018-04-11,0.0
2018-04-12,0.0
2018-04-13,0.0
2018-04-16,0.0
2018-04-17,0.0
2018-04-18,0.0
2018-04-19,0.0
2018-04-20,0.0
2018-04-23,0.0
2018-04-24,0.0
2018-04-25,0.0
2018-04-26,0.0
2018-04-27,0.0
2018-04-30,0.0
2018-05-01,-0.0006410464076426852
2018-05-02,-0.004321491503410749
2018-05-03,0.004589559383251288
2018-05-04,0.006206016925377458
2018-05-07,0.0067718755012866096
2018-05-08,0.0023347131579743424
2018-05-09,0.010988557894499007
2018-05-10,0.007544430762149122
2018-05-11,0.0007302072797093784
2018-05-14,-0.0016049726045285892
2018-05-15,-0.003096487868572139
2018-05-16,0.0032753192321371043
2018-05-17,0.004223781319388063
2018-05-18,0.001418488365203508
2018-05-21,0.00898700140248473
2018-05-22,-0.006130619059390005
2018-05-23,0.0042928352753522836
2018-05-24,0.004857907578425962
2018-05-25,-0.00047358378150728117
2018-05-29,-0.0028363977955040594
2018-05-30,0.009766420940712882
2018-05-31,-0.0055137732691818335
2018-06-01,0.007783609030684693
2018-06-04,0.004063467308539897
2018-06-05,0.002917782569114177
2018-06-06,0.0035890502684246903
2018-06-07,-0.006720429409651242
2018-06-08,0.005346069208968553
2018-06-11,0.0003374232904982803
2018-06-12,0.006059947390177748
2018-06-13,-0.0010286793086667543
2018-06-14,0.002519489382427063
2018-06-15,-0.002145185956227982
2018-06-18,0.0022067998548308564
2018-06-19,-0.004088065243425583
2018-06-20,0.003481636202816746
2018-06-21,-0.006347938916272132
2018-06-22,-0.0035229853882724955
2018-06-25,-0.016685308365477873
2018-06-26,0.004000895233814077
2018-06-27,-0.01035781314323092
2018-06-28,0.006757116991898028
2018-06-29,-0.0002127160135830395
2018-07-02,0.0021797677518690622
2018-07-03,-0.005883380126450577
2018-07-05,0.005005520296414
2018-07-06,0.007022708451858383
2018-07-09,0.006157147519164695
2018-07-10,0.003425059200209479
2018-07-11,-0.004934430399459356
2018-07-12,0.008233269470046005
2018-07-13,0.0008233429402736013
2018-07-16,-0.0006854150998880548
2018-07-17,0.005264943258796626
2018-07-18,0.004485033791817587
2018-07-19,-0.003609067137062594
2018-07-20,-0.0007135269075779871
2018-07-23,0.0007457533685414324
2018-07-24,-0.005106731575767286
2018-07-25,0.010687157719423097
2018-07-26,-0.0012690923359731361
2018-07-27,-0.013087950716416268
2018-07-30,-0.012556709931961545
2018-07-31,0.006324869760815224
2018-08-01,0.00557703594833964
2018-08-02,0.01739109589598833
2018-08-03,-0.0017489394598703134
2018-08-06,0.00525681517775972
2018-08-07,0.005443032279770818
2018-08-08,-0.0007528427152225579
2018-08-09,0.00021767238171778664
2018-08-10,-0.0013480829877986111
2018-08-13,-0.004879895455019444
2018-08-14,0.008573985112550824
2018-08-15,-0.012678009485859652
2018-08-16,0.006910853290912188
2018-08-17,0.003635248291169445
2018-08-20,0.006681136720338703
2018-08-21,0.0018286631958077631
2018-08-22,0.004166588908393276
2018-08-23,0.001404276299210225
2018-08-24,0.007382351829299182
2018-08-27,0.0055261829078224085
2018-08-28,0.001274732638539813
2018-08-29,0.004978602986236478
2018-08-30,-0.002093070214614015
2018-08-31,0.005018453832754048
2018-09-04,0.0036663489067307103
2018-09-05,-0.014253033469755861
2018-09-06,0.0008255155724351474
2018-09-07,-0.0017271440107327956
2018-09-10,0.006473169323687009
2018-09-11,0.007067521448394268
2018-09-12,0.0013773242041345112
2018-09-13,0.005675831632044956
2018-09-14,-0.002199241608689833
2018-09-17,-0.015818222722330893
2018-09-18,0.0098058311587122
2018-09-19,-0.015032436812542078
2018-09-20,0.006155921077194388
2018-09-21,-0.002633073289565936
2018-09-24,0.0015034259864103753
2018-09-25,0.009326751917191609
2018-09-26,-0.004162478391682962
2018-09-27,0.0011380492416166038
2018-09-28,0.0030530317926335563
2018-10-01,-0.004917256019530657
2018-10-02,-0.010286676643544749
2018-10-03,0.0025671984258508846
2018-10-04,-0.02176064565360953
2018-10-05,-0.004815515977847194
2018-10-08,-0.012629665346009476
2018-10-09,-0.0035797765272103472
2018-10-10,-0.05396740321599562
2018-10-11,-0.01967805637814127
2018-10-12,0.02847554315775693
2018-10-15,-0.01030639265986124
2018-10-16,0.03546997963621746
2018-10-17,-0.005370619368800909
2018-10-18,-0.016284264085162113
2018-10-19,-0.012369024640068303
2018-10-22,0.0064178393074913135
2018-10-23,-0.013783832661807625
2018-10-24,-0.04556179998634021
2018-10-25,0.01589550749940518
2018-10-26,-0.02527275553154791
2018-10-29,-0.007988668841284172
2018-10-30,0.023801718498581995
2018-10-31,0.027139079784363675
2018-11-01,0.005139867753727734
2018-11-02,-0.0024343876265507172
2018-11-05,0.002121231056936519
2018-11-06,0.0037715506234445315
2018-11-07,0.01196961898624882
2018-11-08,-0.003133333546947399
2018-11-09,-0.004525501902039946
2018-11-12,-0.008985004501978245
2018-11-13,-0.0015876074876541128
2018-11-14,-0.00639155053673767
2018-11-15,0.0026448551878562186
2018-11-16,0.0012875917937520242
2018-11-19,-0.01598047187005866
2018-11-20,-0.011615364276031782
2018-11-21,0.005914257962616656
2018-11-23,-0.001785638951292873
2018-11-26,0.008253013639212572
2018-11-27,-0.0019508797121229942
2018-11-28,0.015576331377633347
2018-11-29,0.0003264152259543861
2018-11-30,0.0017952616837845232
2018-12-03,0.0058852197764436235
2018-12-04,-0.01384971111450304
2018-12-06,0.0014714386255053535
2018-12-07,-0.012210265878897918
2018-12-10,0.002126512872486618
2018-12-11,0.0006810109621320731
2018-12-12,0.002953689116473655
2018-12-13,-0.0010996347428057554
2018-12-14,-0.007969687366360148
2018-12-17,-0.014946138586230194
2018-12-18,0.000947997124016995
2018-12-19,-0.005966761425332104
2018-12-20,-0.009138833553145298
2018-12-21,-0.009083476251393663
2018-12-24,-0.01369451955673651
2018-12-26,0.026016424952636577
2018-12-27,0.004873588875729022
2018-12-28,-0.0003091312956794815
2018-12-31,0.005092636943585368
2019-01-02,-0.0037145290176384166
2019-01-03,-0.006729219840795607
2019-01-04,0.010327033023410459
2019-01-07,0.0038810003626156848
2019-01-08,0.004012804447450704
2019-01-09,0.002260777867777666
2019-01-10,0.00219012482566392
2019-01-11,-0.000665665252918054
2019-01-14,-0.00181310193494105
2019-01-15,0.005046052923926299
2019-01-16,0.0008057070808176411
2019-01-17,0.0031062191571178304
2019-01-18,0.0039507526255789386
2019-01-22,-0.0035287676812520573
2019-01-23,0.0007114676485824818
2019-01-24,-0.000813020165121127
2019-01-25,0.002796074304037014
2019-01-28,-0.002137506646181277
2019-01-29,-0.00011082362384276463
2019-01-30,0.004666777165162357
2019-01-31,0.0037856557760668793
2019-02-01,0.0031234198671430454
2019-02-04,0.003048859808635618
2019-02-05,0.002033717809180091
2019-02-06,-0.0003057493126771838
2019-02-07,0.0013026700968455983
2019-02-08,0.0022099232532951482
2019-02-11,0.0018227837970033237
2019-02-12,0.00326292822940629
2019-02-13,0.0021383142023318445
2019-02-14,0.0011310576535788228
2019-02-15,0.0034161071750710382
2019-02-19,0.00038827068164876003
2019-02-20,-0.001336513930231462
2019-02-21,0.00029990562832135664
2019-02-22,0.005919821404149649
2019-02-25,-0.0016815236782917135
2019-02-26,-0.0004522806797784566
2019-02-27,-0.00020951956391558775
2019-02-28,-0.0001414411792228763
2019-03-01,0.002890199060198943
2019-03-04,-0.005342565470626915
2019-03-05,0.00044473634752097114
2019-03-06,-0.003904187023801785
2019-03-07,-0.0026090130305101798
2019-03-08,-0.00169541967745878
2019-03-11,0.006010667194451453
2019-03-12,0.002359636574032831
2019-03-13,0.002672052452544999
2019-03-14,-0.0003784414668557348
2019-03-15,0.0025460978923201143
2019-03-18,5.105336395678649e-05
2019-03-19,0.00017827766905166668
2019-03-20,-0.0008912800330285479
2019-03-21,0.009246407201930863
2019-03-22,-0.00829373011561898
2019-03-25,0.0018637245968507622
2019-03-26,0.0021321999656990663
2019-03-27,-0.0027304139433137957
2019-03-28,0.004558832201329476
2019-03-29,0.0029041508663395924
2019-04-01,0.0030038584865807673
2019-04-02,-0.0005075167704490516
2019-04-03,0.00011639702947790424
2019-04-04,-0.002868543700238625
2019-04-05,0.0025849192556210224
2019-04-08,2.0156690337373368e-05
2019-04-09,-0.001045234952051978
2019-04-10,0.0032618471108922607
2019-04-11,0.00019584093331294895
2019-04-12,0.0018007190118212654
2019-04-15,-0.0003166546174234901
2019-04-16,-0.0033040618505787156
2019-04-17,-0.0049398990031745225
2019-04-18,0.0010516993938272173
2019-04-22,0.0002411639066515946
2019-04-23,0.004780670926173685
2019-04-24,0.0014373117336925199
2019-04-25,-0.0007102544816854966
2019-04-26,0.0038487915959706707
2019-04-29,-0.001383512974795035
2019-04-30,0.0035696298079370224
2019-05-01,-0.013996207181477146
2019-05-02,0.0018438249095935467
2019-05-03,0.0073958795626784275
2019-05-06,-0.0016761158197133312
2019-05-07,-0.012797318462605546
2019-05-08,0.0016218675387370824
2019-05-09,-0.0014176565728332893
2019-05-10,0.006351991771500901
2019-05-13,-0.015935373775944756
2019-05-14,0.008967960148271958
2019-05-15,0.0052621408400611875
2019-05-16,0.01044923963425512
2019-05-17,-0.004807512787605347
2019-05-20,-0.006899362995357769
2019-05-21,0.00881800665025008
2019-05-22,0.0013529072116438506
2019-05-23,-0.009820743170139399
2019-05-24,0.0026893407268708653
2019-05-28,-0.0022686321442768297
2019-05-29,-0.007601099514936634
2019-05-30,0.007394674686391887
2019-05-31,-0.004682893867555211
2019-06-03,-0.0008132183273981665
2019-06-04,0.015523192803463154
2019-06-05,0.01653674083443142
2019-06-06,0.008337908360913958
2019-06-07,0.008800471631566798
2019-06-10,0.0012603426467615504
2019-06-11,-0.004560484896863773
2019-06-12,0.005949910536366615
2019-06-13,-0.0005895339379725249
2019-06-14,0.000863623077310712
2019-06-17,-0.0016603174554476077
2019-06-18,0.005148026418288456
2019-06-19,0.008224807844421436
2019-06-20,0.0071058265914513315
2019-06-21,-0.006558164959766136
2019-06-24,-0.002188668874051006
2019-06-25,-0.00963642756904772
2019-06-26,-0.010092448926386496
2019-06-27,0.006588900551410865
2019-06-28,0.007789622828331245
2019-07-01,0.00868490340964826
2019-07-02,0.013411739968986546
2019-07-03,0.01810560417901217
2019-07-05,-0.003298911848452422
2019-07-08,-0.003008705537885916
2019-07-09,0.001218608828912026
2019-07-10,0.0058348651696910545
2019-07-11,-0.0012900736349342433
2019-07-12,0.00460592407143233
2019-07-15,0.0027877253688022782
2019-07-16,-0.003901775639187558
2019-07-17,-0.007352087566448841
2019-07-18,0.009657951958001242
2019-07-19,-0.018732126899910228
2019-07-22,0.0011663267040450823
2019-07-23,0.002000596536475807
2019-07-24,0.0003221868763253398
2019-07-25,-0.002511237437271859
2019-07-26,0.00928623975816776
2019-07-29,-0.002141178705874666
2019-07-30,-0.001135556459586192
2019-07-31,-0.013555166390287471
2019-08-01,-0.005996356561196736
2019-08-02,-0.01076184438735005
2019-08-05,-0.030833743041294107
2019-08-06,0.026531824707609133
2019-08-07,0.005530789533031968
2019-08-08,0.028460880547925414
2019-08-09,-0.0007624332563265704
2019-08-12,-0.01311692533949601
2019-08-13,0.011714412110614067
2019-08-14,-0.034703952457109104
2019-08-15,0.015116883562075474
2019-08-16,0.015975539196366816
2019-08-19,0.008820799790672764
2019-08-20,-0.004659001488991316
2019-08-21,0.014828722176729127
2019-08-22,0.0008652622368658604
2019-08-23,-0.02744984559222649
2019-08-26,0.01462070724131931
2019-08-27,0.0006435314163951194
2019-08-28,0.005277438149801151
2019-08-29,0.014724259834199699
2019-08-30,-0.001430604974444534
2019-09-03,-0.002382523264049882
2019-09-04,0.007787314357236711
2019-09-05,1.8188438270871617e-05
2019-09-06,-0.001098343105039919
2019-09-09,-0.017060228291555776
2019-09-10,-0.016664440654430984
2019-09-11,0.0023518537636199022
2019-09-12,0.007094855427179955
2019-09-13,-0.0063200204643597685
2019-09-16,0.00025128945081293155
2019-09-17,0.012090451123201016
2019-09-18,0.0006781390445598609
2019-09-19,0.0007257916717957191
2019-09-20,-0.0010022942963640593
2019-09-23,0.00038612063146902973
2019-09-24,-0.004157500205089825
2019-09-25,-0.0002311426400810376
2019-09-26,0.0028702595473975257
2019-09-27,-0.010861341551120372
2019-09-30,0.005648748402108784
2019-10-01,-0.00988404658729607
2019-10-02,-0.011066467753258123
2019-10-03,0.007179685305201934
2019-10-04,0.011650278655132705
2019-10-07,-0.004400581639597588
2019-10-08,-0.011412352036354923
2019-10-09,0.009519263625432735
2019-10-10,0.0030989394660881596
2019-10-11,0.002429848570005259
2019-10-14,-0.0020244670219760823
2019-10-15,0.0026762865083042524
2019-10-16,-0.0038064629093104117
2019-10-17,0.0036127163434204607
2019-10-18,0.0008304471758238083
2019-10-21,0.0027774830657092695
2019-10-22,-0.010805539447727393
2019-10-23,0.002422685985362673
2019-10-24,0.006177759054612278
2019-10-25,-0.003273081310929734
2019-10-28,-0.0008853827658363624
2019-10-29,0.0033977146759673555
2019-10-30,0.004523449444930265
2019-10-31,-0.0026926801941082787
2019-11-01,0.0009228565886555562
2019-11-04,-0.009096736289530994
2019-11-05,-0.0055882814872873195
2019-11-06,0.004109201476891661
2019-11-07,-0.0035027340755015624
2019-11-08,0.0011792872665143945
2019-11-11,0.0035604160479021547
2019-11-12,0.002679280957560542
2019-11-13,0.006689214882232539
2019-11-14,0.004923278357049797
2019-11-15,0.003174050783349626
2019-11-18,0.0028078582021918317
2019-11-19,0.002014257406413096
2019-11-20,0.0015518728041627352
2019-11-21,-0.006326002242362896
2019-11-22,-0.0010744364190072699
2019-11-25,0.0063093334683407675
2019-11-26,0.007298791370203776
2019-11-27,0.00322972172524324
2019-11-29,-0.004685179533271642
2019-12-02,-0.010545265452947613
2019-12-03,-0.0029509466992014882
2019-12-04,0.0032796955501971526
2019-12-05,0.0016985266060629287
2019-12-06,0.003252936324523961
2019-12-09,-0.003244234409307891
2019-12-10,-0.0011372032051995054
2019-12-11,0.004057572535175544
2019-12-12,0.000683268732803012
2019-12-13,0.0023831557010646357
2019-12-16,0.006289502928324818
2019-12-17,0.0013960037351875294
2019-12-18,-0.0012589418994638593
2019-12-19,0.0028394116292449405
2019-12-20,0.006034571298264714
2019-12-23,-0.003591208679363779
2019-12-24,0.0009879468529435146
2019-12-26,0.0018237040985538931
2019-12-27,8.727434638322227e-06
2019-12-30,-0.0037606435571608627
2019-12-31,0.0018995635665866222
