date,NAV
2010-01-04,1.0
2010-01-05,1.0
2010-01-06,1.0
2010-01-07,1.0
2010-01-08,1.0
2010-01-11,1.0
2010-01-12,1.0
2010-01-13,1.0
2010-01-14,1.0
2010-01-15,1.0
2010-01-19,1.0
2010-01-20,1.0
2010-01-21,1.0
2010-01-22,1.0
2010-01-25,1.0
2010-01-26,1.0
2010-01-27,1.0
2010-01-28,1.0
2010-01-29,1.0
2010-02-01,1.0225702398364611
2010-02-02,1.0401699119356596
2010-02-03,1.0348058178686934
2010-02-04,0.9958687977048488
2010-02-05,0.9937895467009593
2010-02-08,0.9876644492415275
2010-02-09,1.0044649090049431
2010-02-10,1.0038522294286334
2010-02-11,1.01729711802438
2010-02-12,1.0140535522093441
2010-02-16,1.0377547511860223
2010-02-17,1.0429594102205868
2010-02-18,1.053588334050979
2010-02-19,1.0546969796260008
2010-02-22,1.0544638376818793
2010-02-23,1.0408838526381319
2010-02-24,1.0511139222181247
2010-02-25,1.0481146357357096
2010-02-26,1.0544840983190726
2010-03-01,1.07030499032387
2010-03-02,1.0746114239556122
2010-03-03,1.0762871664950844
2010-03-04,1.0780078078703457
2010-03-05,1.0929141244871463
2010-03-08,1.0953233922323873
2010-03-09,1.0956542339067314
2010-03-10,1.1004530653420872
2010-03-11,1.1072731858117417
2010-03-12,1.1080863451569412
2010-03-15,1.1029504527723564
2010-03-16,1.1150649738076288
2010-03-17,1.1232894345888853
2010-03-18,1.1192047866889063
2010-03-19,1.107972205547823
2010-03-22,1.1225622272322804
2010-03-23,1.132396758925814
2010-03-24,1.126334317866138
2010-03-25,1.1235072989342654
2010-03-26,1.1261381107249306
2010-03-29,1.1344059100630135
2010-03-30,1.1339449107536723
2010-03-31,1.127075617001514
2010-04-01,1.1374297689968587
2010-04-05,1.1542654173276685
2010-04-06,1.158150682164195
2010-04-07,1.1501852345564423
2010-04-08,1.1554712163877352
2010-04-09,1.162890070303834
2010-04-12,1.166854452392296
2010-04-13,1.1690063070979086
2010-04-14,1.1859282437760017
2010-04-15,1.186611034262067
2010-04-16,1.1665271204263568
2010-04-19,1.1649038015472735
2010-04-20,1.183733472972432
2010-04-21,1.186843570678744
2010-04-22,1.1994479713278647
2010-04-23,1.2117910911605185
2010-04-26,1.2100880663311453
2010-04-27,1.1768070269990485
2010-04-28,1.1844427136908242
2010-04-29,1.2017106726678968
2010-04-30,1.1786198646134047
2010-05-03,1.198938416210225
2010-05-04,1.1692306659183953
2010-05-05,1.158122730902777
2010-05-06,1.1242337697272062
2010-05-07,1.1016280172958988
2010-05-10,1.1559668049544352
2010-05-11,1.1554614578810292
2010-05-12,1.1818326926909342
2010-05-13,1.171103152879924
2010-05-14,1.1460123433060743
2010-05-17,1.1455891838305483
2010-05-18,1.1283755905072752
2010-05-19,1.1204679577281624
2010-05-20,1.077244938604097
2010-05-21,1.1002230279019203
2010-05-24,1.0889632508759146
2010-05-25,1.0909965168608673
2010-05-26,1.0913859794069294
2010-05-27,1.1312051145512985
2010-05-28,1.1192941187020025
2010-06-01,1.1192941187020025
2010-06-02,1.1192941187020025
2010-06-03,1.1192941187020025
2010-06-04,1.1192941187020025
2010-06-07,1.1192941187020025
2010-06-08,1.1192941187020025
2010-06-09,1.1192941187020025
2010-06-10,1.1192941187020025
2010-06-11,1.1192941187020025
2010-06-14,1.1192941187020025
2010-06-15,1.1192941187020025
2010-06-16,1.1192941187020025
2010-06-17,1.1192941187020025
2010-06-18,1.1192941187020025
2010-06-21,1.1192941187020025
2010-06-22,1.1192941187020025
2010-06-23,1.1192941187020025
2010-06-24,1.1192941187020025
2010-06-25,1.1192941187020025
2010-06-28,1.1192941187020025
2010-06-29,1.1192941187020025
2010-06-30,1.1192941187020025
2010-07-01,1.1141474282256907
2010-07-02,1.1079109250542887
2010-07-06,1.110593669042839
2010-07-07,1.1374128929560823
2010-07-08,1.1439056849162486
2010-07-09,1.151652485814854
2010-07-12,1.149801032080614
2010-07-13,1.1662782727908265
2010-07-14,1.16814752192708
2010-07-15,1.1660286915484976
2010-07-16,1.1420645594650785
2010-07-19,1.143199351357778
2010-07-20,1.1524991250895098
2010-07-21,1.1426008296015058
2010-07-22,1.1604908885664875
2010-07-23,1.1724816156189748
2010-07-26,1.1858538648779398
2010-07-27,1.1801864383290175
2010-07-28,1.1725259209056633
2010-07-29,1.1709808404288136
2010-07-30,1.1732774656801335
2010-08-02,1.1865474316424516
2010-08-03,1.1828010775152498
2010-08-04,1.187062192887111
2010-08-05,1.18372496792198
2010-08-06,1.1830560643527859
2010-08-09,1.1886922922515932
2010-08-10,1.183805676269449
2010-08-11,1.1617516240564842
2010-08-12,1.160037736082587
2010-08-13,1.1581797189143468
2010-08-16,1.1597479520956124
2010-08-17,1.1701637503802245
2010-08-18,1.1724710664076592
2010-08-19,1.161207579021228
2010-08-20,1.1630937914336394
2010-08-23,1.157243425766092
2010-08-24,1.1460602058772642
2010-08-25,1.1485826319362715
2010-08-26,1.1452261677762627
2010-08-27,1.1602602211217121
2010-08-30,1.1471856541616292
2010-08-31,1.1486167633874071
2010-09-01,1.1728164592430175
2010-09-02,1.180685700139961
2010-09-03,1.1930952674584645
2010-09-07,1.1833986714797617
2010-09-08,1.188490521412385
2010-09-09,1.1848280774764166
2010-09-10,1.1858048185336092
2010-09-13,1.197548990458056
2010-09-14,1.1990088236828536
2010-09-15,1.2021150595202386
2010-09-16,1.2006679307270234
2010-09-17,1.1999520211533974
2010-09-20,1.2127320924925935
2010-09-21,1.211297812545054
2010-09-22,1.2044314147501358
2010-09-23,1.2025713076639066
2010-09-24,1.221692480350146
2010-09-27,1.2196774977343345
2010-09-28,1.226135773688789
2010-09-29,1.225265637194481
2010-09-30,1.2223211723373435
2010-10-01,1.222767630488506
2010-10-04,1.2191763772775701
2010-10-05,1.2367079456106365
2010-10-06,1.2287194497302234
2010-10-07,1.2291899840988565
2010-10-08,1.2355089350086255
2010-10-11,1.2339024413119752
2010-10-12,1.2396758315578347
2010-10-13,1.2449143988452511
2010-10-14,1.244165170268348
2010-10-15,1.2463940418096355
2010-10-18,1.24763008299654
2010-10-19,1.2341753391110248
2010-10-20,1.2456814847500575
2010-10-21,1.2469466264483389
2010-10-22,1.254058598650636
2010-10-25,1.257490254516007
2010-10-26,1.2597037419859631
2010-10-27,1.2611670813154578
2010-10-28,1.2616666428842758
2010-10-29,1.2654549437825489
2010-11-01,1.2643323641208686
2010-11-02,1.2741132612807486
2010-11-03,1.2773740562143225
2010-11-04,1.2925004198781127
2010-11-05,1.295735267172475
2010-11-08,1.2941021817200078
2010-11-09,1.2850329355382266
2010-11-10,1.2876889028854015
2010-11-11,1.2863424221880952
2010-11-12,1.2740979552680305
2010-11-15,1.2731831717176914
2010-11-16,1.2566335464355738
2010-11-17,1.2584948460783723
2010-11-18,1.2700049027918037
2010-11-19,1.2736041585981257
2010-11-22,1.283576663303943
2010-11-23,1.2741677598887027
2010-11-24,1.2892972626430481
2010-11-26,1.284589988063191
2010-11-29,1.28451344118708
2010-11-30,1.2799316589292782
2010-12-01,1.3051714235416243
2010-12-02,1.3133717589991125
2010-12-03,1.3187546961549386
2010-12-06,1.3181865582681127
2010-12-07,1.3182530653594737
2010-12-08,1.318502907006946
2010-12-09,1.327110228702656
2010-12-10,1.3347364893815616
2010-12-13,1.3237751343224262
2010-12-14,1.3253260014172634
2010-12-15,1.3180651044589886
2010-12-16,1.3347272876822727
2010-12-17,1.3395524106942716
2010-12-20,1.3444886446686901
2010-12-21,1.3608115974532637
2010-12-22,1.361485951088072
2010-12-23,1.3566455662929915
2010-12-27,1.3587239743142658
2010-12-28,1.3550301848355926
2010-12-29,1.3594666274401483
2010-12-30,1.3594433606317253
2010-12-31,1.354341400127351
2011-01-03,1.3735063017250975
2011-01-04,1.3687804743538472
2011-01-05,1.3762896009836163
2011-01-06,1.3700910215075517
2011-01-07,1.3711165626473745
2011-01-10,1.3772095202599002
2011-01-11,1.3804763678235803
2011-01-12,1.3909037416432588
2011-01-13,1.3906305730815227
2011-01-14,1.4027604097124076
2011-01-18,1.4107732027009208
2011-01-19,1.388568064433207
2011-01-20,1.369279622894225
2011-01-21,1.3709672445199497
2011-01-24,1.3752667800790583
2011-01-25,1.3814301304033438
2011-01-26,1.403105713938308
2011-01-27,1.4130294584790088
2011-01-28,1.3872064816177325
2011-01-31,1.4025935321463319
2011-02-01,1.4262741866373856
2011-02-02,1.4237131405176375
2011-02-03,1.432920707119743
2011-02-04,1.4391442443107607
2011-02-07,1.448009600417606
2011-02-08,1.4520319031595894
2011-02-09,1.4492144347931741
2011-02-10,1.449489683788312
2011-02-11,1.4692524255315218
2011-02-14,1.4784071512219472
2011-02-15,1.4745053105050117
2011-02-16,1.4839122919797945
2011-02-17,1.4876614781237907
2011-02-18,1.486270868722037
2011-02-22,1.4449203441737586
2011-02-23,1.431945052338775
2011-02-24,1.4364185595688357
2011-02-25,1.4610003046239617
2011-02-28,1.4603249778734946
2011-03-01,1.4331171927278743
2011-03-02,1.43967403893148
2011-03-03,1.4722267464250418
2011-03-04,1.4686783326235033
2011-03-07,1.45201850508231
2011-03-08,1.472099552893269
2011-03-09,1.4703140309817044
2011-03-10,1.4403488716358126
2011-03-11,1.4538776618131566
2011-03-14,1.4470049745096794
2011-03-15,1.431281744627634
2011-03-16,1.4111732655925895
2011-03-17,1.4253525593594063
2011-03-18,1.4289060700888154
2011-03-21,1.4579882261530137
2011-03-22,1.4459863897162757
2011-03-23,1.4503232492036127
2011-03-24,1.4669580140534657
2011-03-25,1.477843957123488
2011-03-28,1.475859216678027
2011-03-29,1.4915979570297737
2011-03-30,1.509081126987531
2011-03-31,1.508059248335572
2011-04-01,1.5186958860859006
2011-04-04,1.5211662538187265
2011-04-05,1.5233453347026364
2011-04-06,1.514917031040002
2011-04-07,1.5101784109570973
2011-04-08,1.4994990637299355
2011-04-11,1.4927086302852453
2011-04-12,1.4791930348732834
2011-04-13,1.4913644930397798
2011-04-14,1.4906648332313308
2011-04-15,1.4988896522929327
2011-04-18,1.4800813446282246
2011-04-19,1.4892942208751287
2011-04-20,1.512967474841248
2011-04-21,1.5227600988859533
2011-04-25,1.5154848783015977
2011-04-26,1.5260132128458586
2011-04-27,1.538560192366685
2011-04-28,1.5404561436353061
2011-04-29,1.5434399792360918
2011-05-02,1.5343329891369812
2011-05-03,1.5208973545618345
2011-05-04,1.506531304110042
2011-05-05,1.4976885062973204
2011-05-06,1.505202944824908
2011-05-09,1.5206213231751042
2011-05-10,1.534045916821075
2011-05-11,1.5158557074956498
2011-05-12,1.5228791363200305
2011-05-13,1.510631727313144
2011-05-16,1.4991349433770518
2011-05-17,1.4949176469948635
2011-05-18,1.517861609427485
2011-05-19,1.5208332802238234
2011-05-20,1.5094904877266544
2011-05-23,1.4891386917778207
2011-05-24,1.4869359525424408
2011-05-25,1.5002038022370507
2011-05-26,1.51167585323218
2011-05-27,1.516247044755371
2011-05-31,1.5290931074201273
2011-06-01,1.4997582962045195
2011-06-02,1.503371558649415
2011-06-03,1.488287315206118
2011-06-06,1.4709786724557155
2011-06-07,1.4754935129028761
2011-06-08,1.466951638791634
2011-06-09,1.4806320339469499
2011-06-10,1.460720554611212
2011-06-13,1.4556763458821496
2011-06-14,1.4781424148571245
2011-06-15,1.4526306047363309
2011-06-16,1.4470400927121772
2011-06-17,1.4482242981560223
2011-06-20,1.4589689157282668
2011-06-21,1.4889695163000727
2011-06-22,1.4795856315493798
2011-06-23,1.4798182551442476
2011-06-24,1.4701088185161346
2011-06-27,1.4812590327216395
2011-06-28,1.5030244468328622
2011-06-29,1.5124632345224152
2011-06-30,1.5228553938010378
2011-07-01,1.5449394918305888
2011-07-05,1.5452978856200918
2011-07-06,1.550851091100386
2011-07-07,1.561006562624512
2011-07-08,1.554489639567551
2011-07-11,1.524115423188587
2011-07-12,1.51486834097864
2011-07-13,1.5198023766968318
2011-07-14,1.5046399466192357
2011-07-15,1.5109305348421533
2011-07-18,1.4998137984774338
2011-07-19,1.5251336515866483
2011-07-20,1.5228627061340763
2011-07-21,1.5391957712953488
2011-07-22,1.541286618920606
2011-07-25,1.5331206853133472
2011-07-26,1.5259603669791952
2011-07-27,1.4928922479738698
2011-07-28,1.4908762736391552
2011-07-29,1.4864897381731577
2011-08-01,1.481886652177899
2011-08-02,1.444459776542837
2011-08-03,1.4557977206511197
2011-08-04,1.390311369131264
2011-08-05,1.3862615453106972
2011-08-08,1.2969560603988664
2011-08-09,1.365934267060522
2011-08-10,1.3297800225198726
2011-08-11,1.3888478276386347
2011-08-12,1.4020875479395618
2011-08-15,1.4224928319895571
2011-08-16,1.4096190965757698
2011-08-17,1.4049835297795268
2011-08-18,1.3416507314762773
2011-08-19,1.3204634703766276
2011-08-22,1.3214592501265208
2011-08-23,1.3680000311408385
2011-08-24,1.3861357687645048
2011-08-25,1.366345153256526
2011-08-26,1.3960327017161647
2011-08-29,1.4310183283223499
2011-08-30,1.4396549939491732
2011-08-31,1.4413745991837392
2011-09-01,1.4321857043355986
2011-09-02,1.414419219742211
2011-09-06,1.4138772408710603
2011-09-07,1.4352114688891784
2011-09-08,1.4312921996658328
2011-09-09,1.4087958374790759
2011-09-12,1.4126429331638668
2011-09-13,1.4265482955504372
2011-09-14,1.4409573279357097
2011-09-15,1.4484463659739628
2011-09-16,1.452023927441345
2011-09-19,1.4498587431176349
2011-09-20,1.4419346925190533
2011-09-21,1.4212127470771903
2011-09-22,1.3962938247594348
2011-09-23,1.3994873546078852
2011-09-26,1.4142951187796342
2011-09-27,1.4213177112775819
2011-09-28,1.4019145127143713
2011-09-29,1.3997324979468693
2011-09-30,1.3804707382402681
2011-10-03,1.3591168791951427
2011-10-04,1.3743275083314626
2011-10-05,1.383980756184801
2011-10-06,1.3946965409267003
2011-10-07,1.3878638786889124
2011-10-10,1.4070643444609057
2011-10-11,1.4045146059947604
2011-10-12,1.4096511865388675
2011-10-13,1.4117585269977766
2011-10-14,1.4202099904956775
2011-10-17,1.4114606862072905
2011-10-18,1.418833395996731
2011-10-19,1.410817381621667
2011-10-20,1.4124325692778932
2011-10-21,1.425661885473817
2011-10-24,1.4388942849496598
2011-10-25,1.4259804829308107
2011-10-26,1.4308205218437193
2011-10-27,1.4483921110288793
2011-10-28,1.4466091915359287
2011-10-31,1.439860644943955
2011-11-01,1.4221936909027735
2011-11-02,1.4341801848288234
2011-11-03,1.4474146360684708
2011-11-04,1.4479686388593298
2011-11-07,1.4478512475534278
2011-11-08,1.4535195714875047
2011-11-09,1.4321461082527744
2011-11-10,1.4374366604517925
2011-11-11,1.4511329404616984
2011-11-14,1.4452648631712455
2011-11-15,1.449981618191053
2011-11-16,1.4364050927920864
2011-11-17,1.4277501376638015
2011-11-18,1.4270925474214682
2011-11-21,1.418348189337366
2011-11-22,1.4196870301621747
2011-11-23,1.4049274770870903
2011-11-25,1.4031382101515362
2011-11-28,1.4220533574077
2011-11-29,1.426386042242249
2011-11-30,1.4541164563900093
2011-12-01,1.4504223986872489
2011-12-02,1.4514726445175274
2011-12-05,1.4554456058113137
2011-12-06,1.4533448077444118
2011-12-07,1.451967869732167
2011-12-08,1.440214343924382
2011-12-09,1.4537936376518312
2011-12-12,1.4438215994528938
2011-12-13,1.4336185915437443
2011-12-14,1.4227729172605459
2011-12-15,1.427123679764268
2011-12-16,1.4333185679307505
2011-12-19,1.4260913955611236
2011-12-20,1.4446707376627204
2011-12-21,1.445031040736632
2011-12-22,1.4468685620941513
2011-12-23,1.45584503185106
2011-12-27,1.459366431037631
2011-12-28,1.4494447371146806
2011-12-29,1.457416356242566
2011-12-30,1.451811032894793
2012-01-03,1.454607685176976
2012-01-04,1.453152976989413
2012-01-05,1.4602353262697394
2012-01-06,1.4589038962462362
2012-01-09,1.4585937037310561
2012-01-10,1.4669892529621578
2012-01-11,1.4668522082409827
2012-01-12,1.4708663792054284
2012-01-13,1.4697070755773145
2012-01-17,1.4716310688892478
2012-01-18,1.4769673019488407
2012-01-19,1.4780518209926072
2012-01-20,1.476477759857035
2012-01-23,1.4771598895720497
2012-01-24,1.4774972856748936
2012-01-25,1.485604157872522
2012-01-26,1.4833738051889724
2012-01-27,1.4824628706155418
2012-01-30,1.4797583392803695
2012-01-31,1.4832589318414608
2012-02-01,1.4921535721777672
2012-02-02,1.494412433184222
2012-02-03,1.5036050764951847
2012-02-06,1.50094825316361
2012-02-07,1.5053611462874277
2012-02-08,1.5067486178747358
2012-02-09,1.5091076949259572
2012-02-10,1.5051195017686934
2012-02-13,1.5127330223216775
2012-02-14,1.5126259148558068
2012-02-15,1.5094270362190414
2012-02-16,1.5159233785756994
2012-02-17,1.5181231385651448
2012-02-21,1.5156796715526253
2012-02-22,1.5154806012708548
2012-02-23,1.5211128013391975
2012-02-24,1.522910608690089
2012-02-27,1.5236220381017185
2012-02-28,1.5243077494957877
2012-02-29,1.523367652387658
2012-03-01,1.537301187043363
2012-03-02,1.5272919039497304
2012-03-05,1.5261486353176554
2012-03-06,1.5014958774444287
2012-03-07,1.5154222587030344
2012-03-08,1.5354047355873723
2012-03-09,1.5456536720615306
2012-03-12,1.5490456207330607
2012-03-13,1.570378526978497
2012-03-14,1.563987731471884
2012-03-15,1.5723426234511138
2012-03-16,1.5659332907410113
2012-03-19,1.5711752571406907
2012-03-20,1.569008724545145
2012-03-21,1.574279217319435
2012-03-22,1.572401960706894
2012-03-23,1.579420624174369
2012-03-26,1.6050797215702086
2012-03-27,1.5990063925318039
2012-03-28,1.5910963226945085
2012-03-29,1.5922132549911647
2012-03-30,1.596703263323529
2012-04-02,1.6133818513977436
2012-04-03,1.6139347447793235
2012-04-04,1.595722250938652
2012-04-05,1.6036460152597138
2012-04-09,1.5795290646110858
2012-04-10,1.5374616037193576
2012-04-11,1.5614823085388405
2012-04-12,1.582663000194088
2012-04-13,1.577356005245722
2012-04-16,1.5786586560498115
2012-04-17,1.5997522218942735
2012-04-18,1.60437359311312
2012-04-19,1.5922732184077355
2012-04-20,1.6100679027606457
2012-04-23,1.588417751413214
2012-04-24,1.5813714332610016
2012-04-25,1.6180378344738895
2012-04-26,1.6385196872815557
2012-04-27,1.6574398039262235
2012-04-30,1.6463422962806888
2012-05-01,1.6528318026100606
2012-05-02,1.6607337849450032
2012-05-03,1.6467574963486173
2012-05-04,1.6246931154685609
2012-05-07,1.6272351890718613
2012-05-08,1.618150700297475
2012-05-09,1.6060275283553433
2012-05-10,1.6188758210600174
2012-05-11,1.619233118828098
2012-05-14,1.5973366799991715
2012-05-15,1.5966033274410558
2012-05-16,1.5928429257138303
2012-05-17,1.5538087948331134
2012-05-18,1.539331308069717
2012-05-21,1.5685721237683152
2012-05-22,1.5744376972794594
2012-05-23,1.579498129181072
2012-05-24,1.5866652583924958
2012-05-25,1.5829601173359202
2012-05-29,1.599638815350173
2012-05-30,1.582127830261556
2012-05-31,1.57972886492948
2012-06-01,1.5317558462103025
2012-06-04,1.5349830214032816
2012-06-05,1.540589859897055
2012-06-06,1.5749765079364126
2012-06-07,1.572106767941067
2012-06-08,1.5867034165498073
2012-06-11,1.5679330176925739
2012-06-12,1.586979535914481
2012-06-13,1.574770645239017
2012-06-14,1.5899196907026087
2012-06-15,1.6051556741096569
2012-06-18,1.618769666101232
2012-06-19,1.6343527292246616
2012-06-20,1.6279413566908183
2012-06-21,1.5949499935782214
2012-06-22,1.6079991144259087
2012-06-25,1.5889047564017165
2012-06-26,1.5998330774225422
2012-06-27,1.6015186147478848
2012-06-28,1.5915397595173675
2012-06-29,1.6307043198723377
2012-07-02,1.6424235457923655
2012-07-03,1.6492470558558892
2012-07-05,1.6501687306324702
2012-07-06,1.6429119719162584
2012-07-09,1.6428811831520067
2012-07-10,1.6334624933898227
2012-07-11,1.6307778194579607
2012-07-12,1.6336757990941024
2012-07-13,1.6529195048245708
2012-07-16,1.6494985635148705
2012-07-17,1.6629528598351755
2012-07-18,1.6641458217281833
2012-07-19,1.6587953012719614
2012-07-20,1.6481343475452672
2012-07-23,1.6363102440219663
2012-07-24,1.6220038124096536
2012-07-25,1.6226960246488116
2012-07-26,1.6407860183311314
2012-07-27,1.6714060241590496
2012-07-30,1.6697016898145063
2012-07-31,1.6630029387910776
2012-08-01,1.6521862863043257
2012-08-02,1.6523990656822616
2012-08-03,1.669830915201761
2012-08-06,1.6661827982823938
2012-08-07,1.6690875967846368
2012-08-08,1.6707382919129816
2012-08-09,1.6640980281337148
2012-08-10,1.6642123562667102
2012-08-13,1.6623768229236373
2012-08-14,1.6680233454358122
2012-08-15,1.6733463907540278
2012-08-16,1.6795388603779566
2012-08-17,1.6852800306599602
2012-08-20,1.6830971399099992
2012-08-21,1.6796901181751485
2012-08-22,1.6822502008008804
2012-08-23,1.6732169542236828
2012-08-24,1.6816417037030273
2012-08-27,1.6801695534331416
2012-08-28,1.6775857372594405
2012-08-29,1.6777883474986748
2012-08-30,1.6702849664600958
2012-08-31,1.6758279511944079
2012-09-04,1.680124789357753
2012-09-05,1.6764232418214966
2012-09-06,1.7031572328191362
2012-09-07,1.7021296987908796
2012-09-10,1.6938846195246944
2012-09-11,1.6958694812805561
2012-09-12,1.6990289724406324
2012-09-13,1.7224688070854415
2012-09-14,1.7270808838444118
2012-09-17,1.7185957379627754
2012-09-18,1.7154793474377639
2012-09-19,1.724339189925433
2012-09-20,1.7251243971852461
2012-09-21,1.7284455950356308
2012-09-24,1.7255117627021128
2012-09-25,1.7133416372504393
2012-09-26,1.703192068894723
2012-09-27,1.7178218441550661
2012-09-28,1.7141877721223902
2012-10-01,1.7119579132438068
2012-10-02,1.7154947408102257
2012-10-03,1.731881342309587
2012-10-04,1.7426368515544441
2012-10-05,1.7449502033997877
2012-10-08,1.7376107395742266
2012-10-09,1.7189299236594089
2012-10-10,1.7141714609709566
2012-10-11,1.7113864522297684
2012-10-12,1.707123130715337
2012-10-15,1.7218034364883983
2012-10-16,1.7317677720574962
2012-10-17,1.7444112030197392
2012-10-18,1.7346825321968231
2012-10-19,1.7150567129872587
2012-10-22,1.7178269394663397
2012-10-23,1.7002931352598754
2012-10-24,1.7037911451913854
2012-10-25,1.7045014479148795
2012-10-26,1.7055063620491877
2012-10-31,1.706055579631955
2012-11-01,1.72277307040122
2012-11-02,1.70548563785537
2012-11-05,1.7087063956143216
2012-11-06,1.7230708840944844
2012-11-07,1.695048708406984
2012-11-08,1.6807527277124283
2012-11-09,1.6785256548847265
2012-11-12,1.678232704599545
2012-11-13,1.6779870109858939
2012-11-14,1.6542641789602959
2012-11-15,1.6483746230947025
2012-11-16,1.6705609313921934
2012-11-19,1.6933253384667295
2012-11-20,1.7054694082415103
2012-11-21,1.7072658878573685
2012-11-23,1.72409281136477
2012-11-26,1.7211425003615186
2012-11-27,1.7154906511167454
2012-11-28,1.7194361190426237
2012-11-29,1.7303904457825463
2012-11-30,1.732594520791466
2012-12-03,1.7252833773616834
2012-12-04,1.7236070141604878
2012-12-05,1.7246236688481358
2012-12-06,1.7259615574051848
2012-12-07,1.729604201323605
2012-12-10,1.7346539767712081
2012-12-11,1.742533674204168
2012-12-12,1.7436718075840294
2012-12-13,1.731801623430511
2012-12-14,1.725343540920281
2012-12-17,1.755789519230496
2012-12-18,1.7775327435216335
2012-12-19,1.7694721582003032
2012-12-20,1.7764024299765673
2012-12-21,1.760796929525088
2012-12-24,1.7620052910841146
2012-12-26,1.7492624720013972
2012-12-27,1.7507794717646055
2012-12-28,1.735448425733732
2012-12-31,1.7700149497308948
2013-01-02,1.8241990542279496
2013-01-03,1.8110871076197796
2013-01-04,1.82708954170753
2013-01-07,1.8191937658038337
2013-01-08,1.817439978368019
2013-01-09,1.8325994595860735
2013-01-10,1.841749631237373
2013-01-11,1.8417702981789084
2013-01-14,1.8421426940076588
2013-01-15,1.8475957741460898
2013-01-16,1.8521348808758096
2013-01-17,1.8745874476090727
2013-01-18,1.8793246220068487
2013-01-22,1.891027760822886
2013-01-23,1.8955895827295401
2013-01-24,1.8978806702698923
2013-01-25,1.9130520711680152
2013-01-28,1.9044980347986669
2013-01-29,1.9157623858025403
2013-01-30,1.9082249130444593
2013-01-31,1.898171333894444
2013-02-01,1.9166256576695468
2013-02-04,1.8920142025063567
2013-02-05,1.914918875088686
2013-02-06,1.9108221492420903
2013-02-07,1.896561047910062
2013-02-08,1.9162839041325845
2013-02-11,1.9088012529613088
2013-02-12,1.9136473437075106
2013-02-13,1.9200027698394329
2013-02-14,1.922568123680892
2013-02-15,1.9282822852990495
2013-02-19,1.9319022270937192
2013-02-20,1.8955223750384391
2013-02-21,1.8787128235900028
2013-02-22,1.9090637266824795
2013-02-25,1.8685702035543799
2013-02-26,1.8870424692878014
2013-02-27,1.9171388618610552
2013-02-28,1.9230288161336473
2013-03-01,1.9315865657400557
2013-03-04,1.9523566861355872
2013-03-05,1.971427215617569
2013-03-06,1.9719801211883192
2013-03-07,1.9662916399398587
2013-03-08,1.976319395565931
2013-03-11,1.9770313573720024
2013-03-12,1.9755017086308133
2013-03-13,1.9823192381224912
2013-03-14,1.992195533675709
2013-03-15,1.9871340659734151
2013-03-18,1.9834105135749682
2013-03-19,1.986290440831341
2013-03-20,2.008589443616347
2013-03-21,1.9896844718617832
2013-03-22,2.0029711946726065
2013-03-25,1.9970783414226254
2013-03-26,2.0161978427890235
2013-03-27,2.0178221348289984
2013-03-28,2.0297790496218213
2013-04-01,2.0297790496218213
2013-04-02,2.0297790496218213
2013-04-03,2.0297790496218213
2013-04-04,2.0297790496218213
2013-04-05,2.0297790496218213
2013-04-08,2.0297790496218213
2013-04-09,2.0297790496218213
2013-04-10,2.0297790496218213
2013-04-11,2.0297790496218213
2013-04-12,2.0297790496218213
2013-04-15,2.0297790496218213
2013-04-16,2.0297790496218213
2013-04-17,2.0297790496218213
2013-04-18,2.0297790496218213
2013-04-19,2.0297790496218213
2013-04-22,2.0297790496218213
2013-04-23,2.0297790496218213
2013-04-24,2.0297790496218213
2013-04-25,2.0297790496218213
2013-04-26,2.0297790496218213
2013-04-29,2.0297790496218213
2013-04-30,2.0297790496218213
2013-05-01,1.9999458168506974
2013-05-02,2.0341637367612773
2013-05-03,2.0682121642709763
2013-05-06,2.074956635807129
2013-05-07,2.081903761275184
2013-05-08,2.082876168733734
2013-05-09,2.0667474458134225
2013-05-10,2.0725684943310316
2013-05-13,2.0776186560968473
2013-05-14,2.1121064392852684
2013-05-15,2.124293215729349
2013-05-16,2.107302759159522
2013-05-17,2.1321112827325734
2013-05-20,2.121864834227146
2013-05-21,2.119302201484993
2013-05-22,2.086983675019162
2013-05-23,2.0857986250506024
2013-05-24,2.08506232799106
2013-05-28,2.099450702181956
2013-05-29,2.0738415325813917
2013-05-30,2.0860009061262152
2013-05-31,2.0609139346482626
2013-06-03,2.0514358913014505
2013-06-04,2.0349877833714944
2013-06-05,2.0049561171689216
2013-06-06,2.0348940033338168
2013-06-07,2.0632243711019855
2013-06-10,2.0641241771718546
2013-06-11,2.040566140143335
2013-06-12,2.0172684068098192
2013-06-13,2.051092646678079
2013-06-14,2.044302986828167
2013-06-17,2.0577911536332536
2013-06-18,2.075440656248817
2013-06-19,2.04294068239267
2013-06-20,1.9776065684034525
2013-06-21,1.9749540611070024
2013-06-24,1.9489122977638755
2013-06-25,1.9773108170827551
2013-06-26,1.9963985372642628
2013-06-27,2.026874472258981
2013-06-28,2.019137202679518
2013-07-01,2.036250129317165
2013-07-02,2.029158570434663
2013-07-03,2.0231958364768805
2013-07-05,2.040319882119798
2013-07-08,2.0499417557121435
2013-07-09,2.068649905800976
2013-07-10,2.066257618803333
2013-07-11,2.0958459536390315
2013-07-12,2.1104793863969826
2013-07-15,2.1174382302604244
2013-07-16,2.104203918514213
2013-07-17,2.112075879895136
2013-07-18,2.128627014569278
2013-07-19,2.1358899635947024
2013-07-22,2.1423164363229863
2013-07-23,2.131522441891725
2013-07-24,2.1244408374866945
2013-07-25,2.1302717470079466
2013-07-26,2.1292077302102523
2013-07-29,2.119326908212905
2013-07-30,2.1278649017343727
2013-07-31,2.1387317397429997
2013-08-01,2.1709111196309125
2013-08-02,2.1691934950357377
2013-08-05,2.17328465081842
2013-08-06,2.1576541919607677
2013-08-07,2.141791563550705
2013-08-08,2.1631150687801086
2013-08-09,2.161790576566576
2013-08-12,2.1562770022369966
2013-08-13,2.160167312250867
2013-08-14,2.1547355670301025
2013-08-15,2.1153833530326405
2013-08-16,2.1128315698357087
2013-08-19,2.0997777159725817
2013-08-20,2.1247597582717903
2013-08-21,2.1160446517956895
2013-08-22,2.1404813708531676
2013-08-23,2.1463047153447734
2013-08-26,2.140312072822564
2013-08-27,2.098657692868415
2013-08-28,2.1043496570849345
2013-08-29,2.119575667481858
2013-08-30,2.1048786339342844
2013-09-03,2.120787519364092
2013-09-04,2.1386577411874828
2013-09-05,2.1467802751192098
2013-09-06,2.1461808702050047
2013-09-09,2.174340848838198
2013-09-10,2.2027188799738164
2013-09-11,2.2084757816891534
2013-09-12,2.2005201046763463
2013-09-13,2.2099095222273233
2013-09-16,2.2274264799752044
2013-09-17,2.242846252903258
2013-09-18,2.2692618005759764
2013-09-19,2.2649628535843176
2013-09-20,2.2491799390174836
2013-09-23,2.2379045489753198
2013-09-24,2.2404649490499953
2013-09-25,2.236484947321552
2013-09-26,2.251144293041174
2013-09-27,2.2380582679195467
2013-09-30,2.2326501997783326
2013-10-01,2.255294829616054
2013-10-02,2.25203709396899
2013-10-03,2.233502357218401
2013-10-04,2.2563707351588422
2013-10-07,2.23606656161172
2013-10-08,2.1959006498500235
2013-10-09,2.1922641715834543
2013-10-10,2.250410174704385
2013-10-11,2.265913296630414
2013-10-14,2.279413858947743
2013-10-15,2.264485670215249
2013-10-16,2.3025446765654904
2013-10-17,2.3254605403458024
2013-10-18,2.3383046056881582
2013-10-21,2.3371448731440823
2013-10-22,2.3437171298462363
2013-10-23,2.325892052616169
2013-10-24,2.3414304759819107
2013-10-25,2.362975510516581
2013-10-28,2.3512350564866003
2013-10-29,2.3669154465681714
2013-10-30,2.3517040719787587
2013-10-31,2.3502881453762354
2013-11-01,2.35677941266131
2013-11-04,2.373432534091872
2013-11-05,2.368313889583675
2013-11-06,2.3550520507825157
2013-11-07,2.3210856893571945
2013-11-08,2.3557195443551024
2013-11-11,2.3653357223441724
2013-11-12,2.3656878766259863
2013-11-13,2.389389456004753
2013-11-14,2.4026651702653585
2013-11-15,2.408979274570767
2013-11-18,2.391485455739494
2013-11-19,2.383400530375282
2013-11-20,2.3782160873347284
2013-11-21,2.400639612954231
2013-11-22,2.4156630316259973
2013-11-25,2.411566359620065
2013-11-26,2.415836972466032
2013-11-27,2.427146823356559
2013-11-29,2.4227539891696592
2013-12-02,2.425530644051186
2013-12-03,2.4234027555646347
2013-12-04,2.420684571548766
2013-12-05,2.408759392394174
2013-12-06,2.433828978117518
2013-12-09,2.4370672191052427
2013-12-10,2.4371510471521125
2013-12-11,2.4019797032061767
2013-12-12,2.409501453251144
2013-12-13,2.4145543660122026
2013-12-16,2.4299891992208735
2013-12-17,2.427343563936785
2013-12-18,2.4511362131602734
2013-12-19,2.4434231435902665
2013-12-20,2.4679313625485126
2013-12-23,2.4703367707666617
2013-12-24,2.4785050273485374
2013-12-26,2.4860767556183503
2013-12-27,2.4750048567506298
2013-12-30,2.474747001605142
2013-12-31,2.48682537729431
2014-01-02,2.468516849623888
2014-01-03,2.479166862282476
2014-01-06,2.471108447209292
2014-01-07,2.4880747096242786
2014-01-08,2.5093872247238145
2014-01-09,2.516248434542148
2014-01-10,2.534741420055776
2014-01-13,2.496352710005806
2014-01-14,2.537839645492
2014-01-15,2.5465379978996734
2014-01-16,2.5277674735742868
2014-01-17,2.514043982587367
2014-01-21,2.5314676855450995
2014-01-22,2.544715733021568
2014-01-23,2.527779972169079
2014-01-24,2.4573542147317204
2014-01-27,2.42941712154736
2014-01-28,2.4742385839098695
2014-01-29,2.4474360962738504
2014-01-30,2.485733040884079
2014-01-31,2.491898153339525
2014-02-03,2.4307977517960486
2014-02-04,2.447755420244284
2014-02-05,2.447524495642114
2014-02-06,2.4569076540719603
2014-02-07,2.4913801947006013
2014-02-10,2.4953128465715744
2014-02-11,2.5132151899826694
2014-02-12,2.5234821820200586
2014-02-13,2.5506035017287108
2014-02-14,2.5596386113428413
2014-02-18,2.5768893262107033
2014-02-19,2.5609129962372137
2014-02-20,2.584174634550358
2014-02-21,2.5915913981585987
2014-02-24,2.610291594744505
2014-02-25,2.6055271925761163
2014-02-26,2.596775759844632
2014-02-27,2.6151332410205415
2014-02-28,2.613397826890209
2014-03-03,2.5921270004668466
2014-03-04,2.6550312166933088
2014-03-05,2.6557673619705517
2014-03-06,2.6536492165358667
2014-03-07,2.651221878332062
2014-03-10,2.6479070868897656
2014-03-11,2.6248727860259238
2014-03-12,2.6313595991311862
2014-03-13,2.6002437901402526
2014-03-14,2.60218832726144
2014-03-17,2.6180262753204766
2014-03-18,2.6414992362534124
2014-03-19,2.620609309753103
2014-03-20,2.630095700908279
2014-03-21,2.612475880942309
2014-03-24,2.5927595930739784
2014-03-25,2.598084514495912
2014-03-26,2.5696905532290093
2014-03-27,2.5610980947576683
2014-03-28,2.560726069771059
2014-03-31,2.597589088899369
2014-04-01,2.6275225714801373
2014-04-02,2.633093227661692
2014-04-03,2.613464171179245
2014-04-04,2.560202545479992
2014-04-07,2.511236865723882
2014-04-08,2.524678502719999
2014-04-09,2.570631548028293
2014-04-10,2.4994711554687297
2014-04-11,2.4757572090807582
2014-04-14,2.4880087098969192
2014-04-15,2.4988855245249613
2014-04-16,2.546475523460288
2014-04-17,2.5601936634338656
2014-04-21,2.5760067138767533
2014-04-22,2.599314698853439
2014-04-23,2.590615673345344
2014-04-24,2.581229142111059
2014-04-25,2.545048632765751
2014-04-28,2.524048670819435
2014-04-29,2.555954663399412
2014-04-30,2.568537490355942
2014-05-01,2.557851853848354
2014-05-02,2.5665526072594043
2014-05-05,2.5698570160547307
2014-05-06,2.551296815126573
2014-05-07,2.5570206739900363
2014-05-08,2.535322465827756
2014-05-09,2.5387756783989044
2014-05-12,2.5703580990544137
2014-05-13,2.5687142556115523
2014-05-14,2.5585959237860054
2014-05-15,2.537655613657939
2014-05-16,2.5455936243547495
2014-05-19,2.5532816738726383
2014-05-20,2.5363663198814552
2014-05-21,2.5557798689951627
2014-05-22,2.5627782339501617
2014-05-23,2.57933372818622
2014-05-27,2.6018893233618248
2014-05-28,2.6028003822736405
2014-05-29,2.618984454799361
2014-05-30,2.616969480660764
2014-06-02,2.6246875486546584
2014-06-03,2.629031027125657
2014-06-04,2.6421069353948363
2014-06-05,2.655306919007151
2014-06-06,2.66562315499332
2014-06-09,2.663627205313719
2014-06-10,2.660244887370611
2014-06-11,2.6552563268181064
2014-06-12,2.627654009814353
2014-06-13,2.634711794362853
2014-06-16,2.637658804949906
2014-06-17,2.65383560767221
2014-06-18,2.66619262720561
2014-06-19,2.6857489706865194
2014-06-20,2.6905857259853634
2014-06-23,2.689950438309197
2014-06-24,2.6745435032015887
2014-06-25,2.6832566518794323
2014-06-26,2.68530368498022
2014-06-27,2.685653383136243
2014-06-30,2.690044157245425
2014-07-01,2.708240346796802
2014-07-02,2.6990201586491094
2014-07-03,2.711297821566306
2014-07-07,2.6850114177434734
2014-07-08,2.66111904479674
2014-07-09,2.6712839649736813
2014-07-10,2.6649282106591827
2014-07-11,2.668011748177044
2014-07-14,2.6838608543372984
2014-07-15,2.6783079911861654
2014-07-16,2.675524927298841
2014-07-17,2.646272787497096
2014-07-18,2.6876805921954827
2014-07-21,2.685856222761412
2014-07-22,2.7006092260021797
2014-07-23,2.705934438154287
2014-07-24,2.7107194420947267
2014-07-25,2.700208161394256
2014-07-28,2.7024178010214177
2014-07-29,2.6921768667927877
2014-07-30,2.6950226860545903
2014-07-31,2.6436646535983948
2014-08-01,2.6457448479431434
2014-08-04,2.6613165773390257
2014-08-05,2.6366659161091355
2014-08-06,2.6372503924498405
2014-08-07,2.629461705840797
2014-08-08,2.6545085576009937
2014-08-11,2.6709202725422965
2014-08-12,2.665446932250331
2014-08-13,2.692580322004351
2014-08-14,2.706872155772273
2014-08-15,2.7162154942674634
2014-08-18,2.738534418073608
2014-08-19,2.753663624461931
2014-08-20,2.760605931640352
2014-08-21,2.7582434571571923
2014-08-22,2.7543776755091964
2014-08-25,2.7706318051165617
2014-08-26,2.766992635335828
2014-08-27,2.7679016092173256
2014-08-28,2.7675814407820796
2014-08-29,2.7832733794477686
2014-09-02,2.7983355653730206
2014-09-03,2.7916458337943477
2014-09-04,2.7845411737839747
2014-09-05,2.800176518382966
2014-09-08,2.8021462701106574
2014-09-09,2.779854468296968
2014-09-10,2.7950141542134697
2014-09-11,2.8051760780406227
2014-09-12,2.7852232580543568
2014-09-15,2.770671780875072
2014-09-16,2.8005460323231466
2014-09-17,2.808382527571011
2014-09-18,2.82830542822543
2014-09-19,2.821437792708924
2014-09-22,2.7913239197111883
2014-09-23,2.7758927265115405
2014-09-24,2.8047197496138914
2014-09-25,2.7578556475433555
2014-09-26,2.7822435322472083
2014-09-29,2.7853847864403245
2014-09-30,2.77134151346775
2014-10-01,2.710288612382558
2014-10-02,2.7191476697480144
2014-10-03,2.7712395151391616
2014-10-06,2.755473322075472
2014-10-07,2.699500045240203
2014-10-08,2.743933623408552
2014-10-09,2.676459408024612
2014-10-10,2.6179642077145164
2014-10-13,2.54076863741331
2014-10-14,2.5699037302109833
2014-10-15,2.5576951499162717
2014-10-16,2.579342704555533
2014-10-17,2.6199293642884633
2014-10-20,2.6610522253401054
2014-10-21,2.730579798909988
2014-10-22,2.710588743455442
2014-10-23,2.7327507659420456
2014-10-24,2.756078888067844
2014-10-27,2.7541880214223413
2014-10-28,2.7947067425889633
2014-10-29,2.7890847026620107
2014-10-30,2.79868520163746
2014-10-31,2.8375016794058783
2014-11-03,2.836080052085188
2014-11-04,2.825894092032435
2014-11-05,2.8328505308185252
2014-11-06,2.8551858542755997
2014-11-07,2.855840808474617
2014-11-10,2.8715231659863862
2014-11-11,2.875325730694885
2014-11-12,2.871067220881704
2014-11-13,2.8745619863041036
2014-11-14,2.8742126830563173
2014-11-17,2.8859883960671637
2014-11-18,2.89879966513215
2014-11-19,2.88829374303192
2014-11-20,2.8913885008576687
2014-11-21,2.895838880041428
2014-11-24,2.907509225000075
2014-11-25,2.910133790117264
2014-11-26,2.9227785752740365
2014-11-28,2.9259634312921
2014-12-01,2.89035222217441
2014-12-02,2.9111404777629377
2014-12-03,2.928005166607478
2014-12-04,2.9318009952938127
2014-12-05,2.935893886878819
2014-12-08,2.9183846141399905
2014-12-09,2.918008565915949
2014-12-10,2.88008479556281
2014-12-11,2.8957278275390768
2014-12-12,2.8575495265656747
2014-12-15,2.84224800992594
2014-12-16,2.8190770882081773
2014-12-17,2.8734579127755016
2014-12-18,2.9299789366687183
2014-12-19,2.9309688531294382
2014-12-22,2.940909261595931
2014-12-23,2.9382022910995005
2014-12-24,2.947306718213677
2014-12-26,2.9538692305727503
2014-12-29,2.9569476175285887
2014-12-30,2.9407847540894103
2014-12-31,2.9128015899785287
2015-01-02,2.914545675135083
2015-01-05,2.8855170453747583
2015-01-06,2.864327472095081
2015-01-07,2.897506101006506
2015-01-08,2.948922901245854
2015-01-09,2.929420946022773
2015-01-12,2.913006042237891
2015-01-13,2.9120819691520046
2015-01-14,2.905203629796454
2015-01-15,2.889978704985718
2015-01-16,2.9239585619361694
2015-01-20,2.937062448196392
2015-01-21,2.9431723672204466
2015-01-22,2.9845651221716936
2015-01-23,2.9867017141545613
2015-01-26,2.997088802496608
2015-01-27,2.9767083160778145
2015-01-28,2.960629685536646
2015-01-29,2.9839771480688015
2015-01-30,2.938245878135846
2015-02-02,2.9504160660074223
2015-02-03,2.967709279166605
2015-02-04,2.9748755844453076
2015-02-05,2.993115764061593
2015-02-06,2.9660086375607126
2015-02-09,2.937837380825218
2015-02-10,2.9809996428685768
2015-02-11,2.9873031605261
2015-02-12,3.008938670528533
2015-02-13,2.9982877257156013
2015-02-17,3.002764313638703
2015-02-18,3.0217648608190104
2015-02-19,3.0121441135639464
2015-02-20,3.025718583015318
2015-02-23,3.0360846584643206
2015-02-24,3.0402369864791923
2015-02-25,3.031066751479548
2015-02-26,3.02637391481592
2015-02-27,3.0239613715807168
2015-03-02,3.040829130034373
2015-03-03,3.0288939040312104
2015-03-04,3.0155490650514594
2015-03-05,3.029925131332253
2015-03-06,2.997706539795845
2015-03-09,3.01209953214638
2015-03-10,2.978460874326071
2015-03-11,2.9863550040638516
2015-03-12,3.019597016282069
2015-03-13,3.0122685565331144
2015-03-16,3.0564726593805447
2015-03-17,3.051999937769023
2015-03-18,3.0732682650305496
2015-03-19,3.0771335401472006
2015-03-20,3.085513726383326
2015-03-23,3.080066554901143
2015-03-24,3.0664525912608656
2015-03-25,3.0179662574635837
2015-03-26,3.0112935929425784
2015-03-27,3.033136907980163
2015-03-30,3.063973389751206
2015-03-31,3.0429104301517453
2015-04-01,3.0281141864098053
2015-04-02,3.030754583107108
2015-04-06,3.040128026546632
2015-04-07,3.026638686184673
2015-04-08,3.045637605727091
2015-04-09,3.0424104379874586
2015-04-10,3.0521995838795775
2015-04-13,3.0393864852494867
2015-04-14,3.0338704831997867
2015-04-15,3.029800924012607
2015-04-16,3.03301919626122
2015-04-17,3.0011873771971485
2015-04-20,3.023161121109865
2015-04-21,3.035718115824152
2015-04-22,3.0403620750373235
2015-04-23,3.0494296363459856
2015-04-24,3.0519587423445844
2015-04-27,3.023923945950385
2015-04-28,3.0168781568677487
2015-04-29,2.989151664764422
2015-04-30,2.9540369489834353
2015-05-01,3.000864947695439
2015-05-04,3.01311830188653
2015-05-05,2.960011742045933
2015-05-06,2.9626585662135474
2015-05-07,3.0012261622289427
2015-05-08,3.036161940413915
2015-05-11,3.043887713172383
2015-05-12,3.0369202334664833
2015-05-13,3.0343091075763673
2015-05-14,3.073547281816821
2015-05-15,3.085171483567149
2015-05-18,3.1100240339098786
2015-05-19,3.1141702521359904
2015-05-20,3.0874793156453983
2015-05-21,3.089988195138494
2015-05-22,3.0849917276588643
2015-05-26,3.065465290965397
2015-05-27,3.1033121086301634
2015-05-28,3.1002568259946126
2015-05-29,3.0906903412931643
2015-06-01,3.0962894614921512
2015-06-02,3.0826343030589447
2015-06-03,3.0863229522145246
2015-06-04,3.057233590110214
2015-06-05,3.061511759816129
2015-06-08,3.0352695762945987
2015-06-09,3.0302492515899973
2015-06-10,3.065473793897813
2015-06-11,3.0762058954776075
2015-06-12,3.0622457266259846
2015-06-15,3.0555446075940766
2015-06-16,3.076490728892828
2015-06-17,3.0969931493648097
2015-06-18,3.1344851693248352
2015-06-19,3.123950519293396
2015-06-22,3.1498835262710156
2015-06-23,3.1492211057642536
2015-06-24,3.1120012106188724
2015-06-25,3.1085511516061213
2015-06-26,3.112695934441986
2015-06-29,3.044156424840394
2015-06-30,3.056710417387085
2015-07-01,3.084050801827197
2015-07-02,3.0742891531043917
2015-07-06,3.072327299680061
2015-07-07,3.0878206925618215
2015-07-08,3.0366258464970506
2015-07-09,3.050941623871586
2015-07-10,3.1107276784127733
2015-07-13,3.1429479560742175
2015-07-14,3.1545057382109385
2015-07-15,3.1496678296753995
2015-07-16,3.183586838310058
2015-07-17,3.180113108840781
2015-07-20,3.1828124248773624
2015-07-21,3.1694276494184854
2015-07-22,3.1761051944220924
2015-07-23,3.169421634466966
2015-07-24,3.1380736851979205
2015-07-27,3.098097870723665
2015-07-28,3.1324190038527133
2015-07-29,3.1575715254369694
2015-07-30,3.1645542043904924
2015-07-31,3.1802177253362016
2015-08-03,3.172059934290709
2015-08-04,3.1761951975765306
2015-08-05,3.209851750097036
2015-08-06,3.177686656723976
2015-08-07,3.1849203225788485
2015-08-10,3.211495228579115
2015-08-11,3.1994634062508838
2015-08-12,3.1927743608927557
2015-08-13,3.2128656512768274
2015-08-14,3.229442558639097
2015-08-17,3.2656499676406034
2015-08-18,3.2569358467519356
2015-08-19,3.2298719918046506
2015-08-20,3.14322018157808
2015-08-21,3.0514768676213353
2015-08-24,2.9243355508895768
2015-08-25,2.9061195723317295
2015-08-26,3.006897455704459
2015-08-27,3.066413283400691
2015-08-28,3.074232534250705
2015-08-31,3.046783042521743
2015-09-01,2.972853977061984
2015-09-02,3.015168583608797
2015-09-03,3.023139603400848
2015-09-04,2.999154233556558
2015-09-08,3.0670632010526746
2015-09-09,3.044412242575224
2015-09-10,3.056892221721215
2015-09-11,3.0779172632990552
2015-09-14,3.0669162276166255
2015-09-15,3.089206545400095
2015-09-16,3.099362605426194
2015-09-17,3.107591388701334
2015-09-18,3.0788288965914763
2015-09-21,3.0951592884112635
2015-09-22,3.059134908166358
2015-09-23,3.0703197188866387
2015-09-24,3.055650709915113
2015-09-25,3.049937166469164
2015-09-28,2.9715512196133274
2015-09-29,2.9593398972708624
2015-09-30,3.0112789033557648
2015-10-01,3.0268973898627936
2015-10-02,3.0523618251671505
2015-10-05,3.0812611354027193
2015-10-06,3.0464283233917837
2015-10-07,3.0661347198173075
2015-10-08,3.0828834106676717
2015-10-09,3.0875083552725475
2015-10-12,3.0975292284376756
2015-10-13,3.066121891885649
2015-10-14,3.0413072091674356
2015-10-15,3.0835106410455624
2015-10-16,3.09550345460333
2015-10-19,3.1085581858491933
2015-10-20,3.1016369958
2015-10-21,3.0833264304459416
2015-10-22,3.110639686888694
2015-10-23,3.111402659514289
2015-10-26,3.1146094477151234
2015-10-27,3.1082403695277065
2015-10-28,3.1409887061955266
2015-10-29,3.1307481953638683
2015-10-30,3.131598858625837
2015-11-02,3.1505663703180056
2015-11-03,3.1407712661335148
2015-11-04,3.1395682281428186
2015-11-05,3.1424630082500586
2015-11-06,3.138786693361224
2015-11-09,3.120813391224813
2015-11-10,3.1363466194953227
2015-11-11,3.1373986512799403
2015-11-12,3.1113363284636204
2015-11-13,3.08094395022675
2015-11-16,3.1082197293084093
2015-11-17,3.118237814140986
2015-11-18,3.1465314502938035
2015-11-19,3.146292158668058
2015-11-20,3.1650977530219757
2015-11-23,3.1677009694986173
2015-11-24,3.165930115375368
2015-11-25,3.173656661965627
2015-11-27,3.187060285615731
2015-11-30,3.1713461017176754
2015-12-01,3.1951121839884467
2015-12-02,3.179617432604243
2015-12-03,3.145974839514138
2015-12-04,3.196547334957211
2015-12-07,3.1822598777815765
2015-12-08,3.1862214668097666
2015-12-09,3.1500224577367826
2015-12-10,3.1532939985266766
2015-12-11,3.116751657212112
2015-12-14,3.1324474609776094
2015-12-15,3.1447762751112704
2015-12-16,3.1707675305941487
2015-12-17,3.1423876684207763
2015-12-18,3.1120833616849417
2015-12-21,3.1261182586720624
2015-12-22,3.139561632286904
2015-12-23,3.152520122417058
2015-12-24,3.1532451100064627
2015-12-28,3.160413849344529
2015-12-29,3.181639895758982
2015-12-30,3.1661016591326323
2015-12-31,3.1397146749911067
2016-01-04,3.0873007650875746
2016-01-05,3.097884273466038
2016-01-06,3.0858647855027668
2016-01-07,3.042524104251369
2016-01-08,3.0111166947018666
2016-01-11,3.011530296176537
2016-01-12,3.0335008015083336
2016-01-13,2.9642321011925166
2016-01-14,2.998237524107022
2016-01-15,2.9548166058839263
2016-01-19,2.958926554236646
2016-01-20,2.9401191902179153
2016-01-21,2.943374205358388
2016-01-22,3.0026867586061043
2016-01-25,2.9701529659378076
2016-01-26,2.988380452042064
2016-01-27,2.9500362302228833
2016-01-28,2.955393702921432
2016-01-29,3.015138315062139
2016-02-01,3.0232307306824318
2016-02-02,2.985067976705976
2016-02-03,2.9731403545262256
2016-02-04,2.9690327125679934
2016-02-05,2.8953042637168607
2016-02-08,2.837476347133051
2016-02-09,2.848134421744235
2016-02-10,2.863740614170878
2016-02-11,2.8439178543456474
2016-02-12,2.87550597142069
2016-02-16,2.9243191825456667
2016-02-17,2.963359045971211
2016-02-18,2.948431122469554
2016-02-19,2.9578945966387744
2016-02-22,2.9875939164957077
2016-02-23,2.9722321100589313
2016-02-24,2.9884919095923017
2016-02-25,3.0228226249988124
2016-02-26,3.018336825625401
2016-02-29,3.000583161608678
2016-03-01,3.0477955840043074
2016-03-02,3.061994560644403
2016-03-03,3.065461171890647
2016-03-04,3.0681612845260586
2016-03-07,3.0548311828023365
2016-03-08,3.0438626089222933
2016-03-09,3.055639793449821
2016-03-10,3.055473714813375
2016-03-11,3.095562794245262
2016-03-14,3.0976975386400687
2016-03-15,3.0953568023129203
2016-03-16,3.1155460990532453
2016-03-17,3.11816731456146
2016-03-18,3.125083356169138
2016-03-21,3.1203825235164597
2016-03-22,3.1300982221872276
2016-03-23,3.125534024953995
2016-03-24,3.125551868728958
2016-03-28,3.131816139201441
2016-03-29,3.1706024270277675
2016-03-30,3.176412829440095
2016-03-31,3.177657143613349
2016-04-01,3.203095161954264
2016-04-04,3.1935201608329216
2016-04-05,3.1695897280091128
2016-04-06,3.1955218264642062
2016-04-07,3.1782876739544537
2016-04-08,3.189650030294674
2016-04-11,3.175833675068689
2016-04-12,3.1821819030760663
2016-04-13,3.1939871415079013
2016-04-14,3.179947189426539
2016-04-15,3.1886933038172183
2016-04-18,3.2030655924112557
2016-04-19,3.198064582757911
2016-04-20,3.1919656120674924
2016-04-21,3.1587688272503534
2016-04-22,3.155434410038361
2016-04-25,3.1627508454859448
2016-04-26,3.1653784211520604
2016-04-27,3.182180801065927
2016-04-28,3.1513228093322745
2016-04-29,3.139409002481393
2016-05-02,3.176427250680066
2016-05-03,3.1588936605033386
2016-05-04,3.156183954116563
2016-05-05,3.161941411855363
2016-05-06,3.1796082584660055
2016-05-09,3.1966756971173242
2016-05-10,3.2269626398343587
2016-05-11,3.205337021874269
2016-05-12,3.220152170544428
2016-05-13,3.212252335604964
2016-05-16,3.235001741729416
2016-05-17,3.1909541767825416
2016-05-18,3.1833781663582617
2016-05-19,3.1741901270887016
2016-05-20,3.1911453894073865
2016-05-23,3.183823977221256
2016-05-24,3.2351655715326664
2016-05-25,3.232514282173565
2016-05-26,3.237675365775283
2016-05-27,3.2553831329023306
2016-05-31,3.250309499306557
2016-06-01,3.2557619487141447
2016-06-02,3.2615281430613194
2016-06-03,3.2566528316553427
2016-06-06,3.2590641784466587
2016-06-07,3.2646486607825227
2016-06-08,3.2805674693911087
2016-06-09,3.292522242457917
2016-06-10,3.265172447620921
2016-06-13,3.2442148108590403
2016-06-14,3.2473539745060447
2016-06-15,3.2409461870748086
2016-06-16,3.255919200464474
2016-06-17,3.2373926026638666
2016-06-20,3.2587892945635946
2016-06-21,3.2694430911639216
2016-06-22,3.2646623102374583
2016-06-23,3.2994013436004055
2016-06-24,3.2293761881831324
2016-06-27,3.189529136850311
2016-06-28,3.241385823880753
2016-06-29,3.2844215804609496
2016-06-30,3.3410854316454484
2016-07-01,3.343925551295651
2016-07-05,3.344414120525999
2016-07-06,3.3597845716352985
2016-07-07,3.3537801030585173
2016-07-08,3.391329283753922
2016-07-11,3.4005101053980855
2016-07-12,3.4065558309801878
2016-07-13,3.4075389367099276
2016-07-14,3.4093696088244054
2016-07-15,3.4025297790032054
2016-07-18,3.4028202572464736
2016-07-19,3.408406344926387
2016-07-20,3.417501977786673
2016-07-21,3.391011241495559
2016-07-22,3.4183017872069077
2016-07-25,3.4168899946594133
2016-07-26,3.4117943657526464
2016-07-27,3.399283749075321
2016-07-28,3.4153783821584582
2016-07-29,3.4188651095483915
2016-08-01,3.4176747265446745
2016-08-02,3.408377876020173
2016-08-03,3.3994315183278827
2016-08-04,3.4110565270615405
2016-08-05,3.4191522366973732
2016-08-08,3.4057487329617744
2016-08-09,3.416497641657986
2016-08-10,3.4102628699528634
2016-08-11,3.4172371725873174
2016-08-12,3.4207315552646493
2016-08-15,3.4281296063464346
2016-08-16,3.3925979484614954
2016-08-17,3.400530161188293
2016-08-18,3.420198720506243
2016-08-19,3.4282751584525637
2016-08-22,3.434158150300225
2016-08-23,3.4295013744553486
2016-08-24,3.4074846402947774
2016-08-25,3.4109795793567463
2016-08-26,3.3947794995362677
2016-08-29,3.42040810674668
2016-08-30,3.401126169462066
2016-08-31,3.396188056872208
2016-09-01,3.408308815637809
2016-09-02,3.4357187947273418
2016-09-06,3.449712163525812
2016-09-07,3.4447358236033123
2016-09-08,3.417275962122743
2016-09-09,3.281061084632556
2016-09-12,3.3432350729831475
2016-09-13,3.271304116116834
2016-09-14,3.271813752401066
2016-09-15,3.325463446977016
2016-09-16,3.3041693780910597
2016-09-19,3.3270760360370435
2016-09-20,3.3256312723765613
2016-09-21,3.380702733141122
2016-09-22,3.414900080490211
2016-09-23,3.3816151488115596
2016-09-26,3.36568363245304
2016-09-27,3.4020737717186105
2016-09-28,3.4184345642558815
2016-09-29,3.374513068577541
2016-09-30,3.4045107907301895
2016-10-03,3.3810891866452604
2016-10-04,3.352666440227859
2016-10-05,3.3636651704045284
2016-10-06,3.3686552001795413
2016-10-07,3.346943236974196
2016-10-10,3.3683073009261237
2016-10-11,3.318520744659411
2016-10-12,3.3353886003432565
2016-10-13,3.3305378491507667
2016-10-14,3.331288769468497
2016-10-17,3.3288692705659675
2016-10-18,3.3462030308699435
2016-10-19,3.351963471493125
2016-10-20,3.3429065796071993
2016-10-21,3.3324535091452567
2016-10-24,3.356711988281569
2016-10-25,3.3378322900766593
2016-10-26,3.3096751238432307
2016-10-27,3.2783624355254313
2016-10-28,3.2863921719901805
2016-10-31,3.3070678198301002
2016-11-01,3.2707844639526504
2016-11-02,3.23129522266599
2016-11-03,3.2217447574541294
2016-11-04,3.2203873290910683
2016-11-07,3.291165603410466
2016-11-08,3.303940223329583
2016-11-09,3.299672463474786
2016-11-10,3.277994445357823
2016-11-11,3.29502154343845
2016-11-14,3.2835022646918017
2016-11-15,3.323900927223746
2016-11-16,3.3288348592594197
2016-11-17,3.3502602031158997
2016-11-18,3.3440982262156176
2016-11-21,3.3698260694488082
2016-11-22,3.380124386268251
2016-11-23,3.3890874216728917
2016-11-25,3.4027726797817817
2016-11-28,3.3812499653114036
2016-11-29,3.394001243739981
2016-11-30,3.372987830614117
2016-12-01,3.3338857294713566
2016-12-02,3.3447513657503394
2016-12-05,3.3575525343985384
2016-12-06,3.3682111322090567
2016-12-07,3.409457928176527
2016-12-08,3.404945462040054
2016-12-09,3.400412096662493
2016-12-12,3.401266145130317
2016-12-13,3.4131387188467164
2016-12-14,3.3918087095400478
2016-12-15,3.4040202362524905
2016-12-16,3.3973863784606775
2016-12-19,3.4026406434332594
2016-12-20,3.412292698601219
2016-12-21,3.4103137586893215
2016-12-22,3.4006887150474125
2016-12-23,3.406246070254308
2016-12-27,3.412869859180523
2016-12-28,3.3826020773826837
2016-12-29,3.3942646302772554
2016-12-30,3.375765069096831
2017-01-03,3.3920749492291495
2017-01-04,3.4254519642822805
2017-01-05,3.4042376409560484
2017-01-06,3.4111971892140964
2017-01-09,3.3970122778476703
2017-01-10,3.417972322143142
2017-01-11,3.430957946555817
2017-01-12,3.4088443715291104
2017-01-13,3.419546658831124
2017-01-17,3.394565304282451
2017-01-18,3.417577471999726
2017-01-19,3.394360051271224
2017-01-20,3.401496932672541
2017-01-23,3.391877654354405
2017-01-24,3.4384822954168124
2017-01-25,3.459691131466562
2017-01-26,3.4477785438117765
2017-01-27,3.445741763022838
2017-01-30,3.41944989648971
2017-01-31,3.4273576226531617
2017-02-01,3.433068998543035
2017-02-02,3.443894674698051
2017-02-03,3.479769616771501
2017-02-06,3.474444663475795
2017-02-07,3.4753632448586345
2017-02-08,3.47459955902336
2017-02-09,3.502541185999245
2017-02-10,3.513812533843313
2017-02-13,3.523906739595072
2017-02-14,3.5310397702346483
2017-02-15,3.5436613118518694
2017-02-16,3.537586614134124
2017-02-17,3.5339385626138218
2017-02-21,3.5641659285345546
2017-02-22,3.5521504107485824
2017-02-23,3.535559491614818
2017-02-24,3.5449767997679524
2017-02-27,3.5584810305021084
2017-02-28,3.5509661561314996
2017-03-01,3.6061044476061204
2017-03-02,3.5742739769266305
2017-03-03,3.589816584997323
2017-03-06,3.5760836237258022
2017-03-07,3.5589933565302
2017-03-08,3.5458743782941737
2017-03-09,3.5425861374231813
2017-03-10,3.5570738521274317
2017-03-13,3.570272951140093
2017-03-14,3.553516742110239
2017-03-15,3.5880617345656827
2017-03-16,3.5771177677053507
2017-03-17,3.575657731979721
2017-03-20,3.5697704486357917
2017-03-21,3.4937239445920087
2017-03-22,3.5154413197068037
2017-03-23,3.5169286017445773
2017-03-24,3.51970702675864
2017-03-27,3.5031726517529522
2017-03-28,3.5356733234184143
2017-03-29,3.552080340079241
2017-03-30,3.570515359758301
2017-03-31,3.5661425935236473
2017-04-03,3.557279967930908
2017-04-04,3.5540957980410983
2017-04-05,3.5277816600419434
2017-04-06,3.5487068703424463
2017-04-07,3.5439197820631603
2017-04-10,3.5383685315654048
2017-04-11,3.539586792013086
2017-04-12,3.5104069627625907
2017-04-13,3.4766469148003107
2017-04-17,3.5206990829595806
2017-04-18,3.5216942932965716
2017-04-19,3.5315934425132745
2017-04-20,3.5703995849774763
2017-04-21,3.557078132484742
2017-04-24,3.609635417730072
2017-04-25,3.6362037624550387
2017-04-26,3.6376335783881046
2017-04-27,3.6554096574273247
2017-04-28,3.660752199218053
2017-05-01,3.6733155883243462
2017-05-02,3.6572914071122105
2017-05-03,3.634633683734055
2017-05-04,3.6344053138274464
2017-05-05,3.670416479829922
2017-05-08,3.6608938716364783
2017-05-09,3.6592467615572457
2017-05-10,3.6951686919129996
2017-05-11,3.6858444286534837
2017-05-12,3.680712753321304
2017-05-15,3.7112249200531693
2017-05-16,3.715800584846071
2017-05-17,3.6142166515026366
2017-05-18,3.6397981959251227
2017-05-19,3.664893195544297
2017-05-22,3.7043527366605926
2017-05-23,3.743337505856752
2017-05-24,3.763802703084122
2017-05-25,3.8245637138615054
2017-05-26,3.8168133975737146
2017-05-30,3.8068331909368
2017-05-31,3.810455547566779
2017-06-01,3.8439551133429317
2017-06-02,3.8626518080901655
2017-06-05,3.8388496805253247
2017-06-06,3.832019955192575
2017-06-07,3.8443983932034125
2017-06-08,3.8591895907066305
2017-06-09,3.8264125181285076
2017-06-12,3.811628807787546
2017-06-13,3.8458177693292033
2017-06-14,3.830034750903352
2017-06-15,3.82365272788564
2017-06-16,3.818988462814629
2017-06-19,3.8651495417239072
2017-06-20,3.833558647711789
2017-06-21,3.8345848751281277
2017-06-22,3.8326837871895334
2017-06-23,3.8333495280260323
2017-06-26,3.8399683060396956
2017-06-27,3.7862751621744337
2017-06-28,3.8261400766291325
2017-06-29,3.774676932839049
2017-06-30,3.785063815101237
2017-07-03,3.7862073976700827
2017-07-05,3.809729981712622
2017-07-06,3.782310595060782
2017-07-07,3.817681356237695
2017-07-10,3.8198000509138663
2017-07-11,3.8211341236459577
2017-07-12,3.8529958263806594
2017-07-13,3.854556865514273
2017-07-14,3.871184604974128
2017-07-17,3.871474282179093
2017-07-18,3.8766800859040775
2017-07-19,3.9040710795780096
2017-07-20,3.8934786435810658
2017-07-21,3.894588749269969
2017-07-24,3.9061678056972675
2017-07-25,3.902489963480312
2017-07-26,3.89750537552567
2017-07-27,3.868412524476831
2017-07-28,3.8697314830231986
2017-07-31,3.8587907868046702
2017-08-01,3.867256963775547
2017-08-02,3.856435932978935
2017-08-03,3.8815438091685865
2017-08-04,3.9070507645553763
2017-08-07,3.93262303487209
2017-08-08,3.9350534375531043
2017-08-09,3.917463621259439
2017-08-10,3.848452405563983
2017-08-11,3.8499532076614194
2017-08-14,3.9148017957753565
2017-08-15,3.931950608806407
2017-08-16,3.938809721615109
2017-08-17,3.851710424346245
2017-08-18,3.853523685653534
2017-08-21,3.851058197959889
2017-08-22,3.9071217966168064
2017-08-23,3.904777318823324
2017-08-24,3.905008662316234
2017-08-25,3.9135891674287593
2017-08-28,3.917154889240366
2017-08-29,3.8988684804909455
2017-08-30,3.938819083928651
2017-08-31,3.961087331029842
2017-09-01,3.973068715054601
2017-09-05,3.9328362180497347
2017-09-06,3.930410867749599
2017-09-07,3.94141017720413
2017-09-08,3.934806380506079
2017-09-11,3.9950181892231154
2017-09-12,3.9905700943095512
2017-09-13,3.987240944807928
2017-09-14,3.9922884334507582
2017-09-15,4.004571780692363
2017-09-18,4.026663393377825
2017-09-19,4.0331018804799115
2017-09-20,4.037120656388677
2017-09-21,4.029955413009284
2017-09-22,4.025073313672757
2017-09-25,3.9936006641558772
2017-09-26,3.999206992353475
2017-09-27,4.024610160371157
2017-09-28,4.0379775647464555
2017-09-29,4.052831821567015
2017-10-02,4.058049364159969
2017-10-03,4.072040308388114
2017-10-04,4.089961682615213
2017-10-05,4.116790382268679
2017-10-06,4.131895579544856
2017-10-09,4.131805516268536
2017-10-10,4.143711565991226
2017-10-11,4.161297892566869
2017-10-12,4.173781158991783
2017-10-13,4.180220509680211
2017-10-16,4.184456728616482
2017-10-17,4.182825243404571
2017-10-18,4.188707144970858
2017-10-19,4.192542111945573
2017-10-20,4.229167679507495
2017-10-23,4.2121166391468945
2017-10-24,4.231654219417653
2017-10-25,4.184113517686357
2017-10-26,4.212646159741564
2017-10-27,4.266810277318857
2017-10-30,4.247000416692852
2017-10-31,4.293270256685289
2017-11-01,4.295236679177967
2017-11-02,4.293876481621017
2017-11-03,4.3429312554507735
2017-11-06,4.369369409171204
2017-11-07,4.3733399213708335
2017-11-08,4.379252326268295
2017-11-09,4.33702075882737
2017-11-10,4.354666204099578
2017-11-13,4.370768143555913
2017-11-14,4.368706506294687
2017-11-15,4.344846673088064
2017-11-16,4.401298997458841
2017-11-17,4.403157226969511
2017-11-20,4.436015376504686
2017-11-21,4.477627882118009
2017-11-22,4.463595796461323
2017-11-24,4.473929612177081
2017-11-27,4.449247006513843
2017-11-28,4.493958200993377
2017-11-29,4.4332729824806805
2017-11-30,4.48243994917807
2017-12-01,4.446240444626365
2017-12-04,4.387153083509736
2017-12-05,4.384151531969601
2017-12-06,4.38988757988855
2017-12-07,4.445423817024016
2017-12-08,4.483294419038285
2017-12-11,4.491576634747355
2017-12-12,4.478543681393155
2017-12-13,4.4818389172668756
2017-12-14,4.458115347919753
2017-12-15,4.503051480714805
2017-12-18,4.542134299530852
2017-12-19,4.522591688704118
2017-12-20,4.533277512151538
2017-12-21,4.527611967655858
2017-12-22,4.531910526650825
2017-12-26,4.529799867792808
2017-12-27,4.538717768587456
2017-12-28,4.559314841493451
2017-12-29,4.534178710425929
2018-01-02,4.545968777749858
2018-01-03,4.6041932923300415
2018-01-04,4.618916686543652
2018-01-05,4.668668935838756
2018-01-08,4.7249184637901855
2018-01-09,4.733463642359703
2018-01-10,4.696636487048611
2018-01-11,4.740667094491162
2018-01-12,4.766733045675374
2018-01-16,4.720452189758124
2018-01-17,4.798785042326349
2018-01-18,4.78892604953534
2018-01-19,4.842444190150931
2018-01-22,4.880233865973888
2018-01-23,4.908501276520846
2018-01-24,4.8916564792897015
2018-01-25,4.896259285388018
2018-01-26,4.941934573918118
2018-01-29,4.846895315434709
2018-01-30,4.810979044731526
2018-01-31,4.835151258284453
2018-02-01,4.816791741610774
2018-02-02,4.709130380435717
2018-02-05,4.520877413719649
2018-02-06,4.59963941007665
2018-02-07,4.591958659057055
2018-02-08,4.397525581629909
2018-02-09,4.4622236837547105
2018-02-12,4.5393883322452036
2018-02-13,4.581000476040447
2018-02-14,4.675936402242431
2018-02-15,4.730517754071794
2018-02-16,4.733704645214665
2018-02-20,4.718496592904642
2018-02-21,4.68487021237957
2018-02-22,4.706074497932632
2018-02-23,4.787637530395093
2018-02-26,4.823529892854278
2018-02-27,4.761416599026669
2018-02-28,4.716325979956991
2018-03-01,4.666816227909472
2018-03-02,4.703509198482064
2018-03-05,4.7595888568169995
2018-03-06,4.798983045324681
2018-03-07,4.8123385568387
2018-03-08,4.841867555285901
2018-03-09,4.9120699473166916
2018-03-12,4.904667085078892
2018-03-13,4.886053757266491
2018-03-14,4.8805552700181325
2018-03-15,4.869443386292346
2018-03-16,4.883088283882818
2018-03-19,4.837181378121188
2018-03-20,4.886968176036118
2018-03-21,4.888009752591834
2018-03-22,4.781066843415292
2018-03-23,4.701643095814703
2018-03-26,4.816835109692437
2018-03-27,4.728529413893271
2018-03-28,4.693914089675382
2018-03-29,4.76735677976036
2018-04-02,4.76735677976036
2018-04-03,4.76735677976036
2018-04-04,4.76735677976036
2018-04-05,4.76735677976036
2018-04-06,4.76735677976036
2018-04-09,4.76735677976036
2018-04-10,4.76735677976036
2018-04-11,4.76735677976036
2018-04-12,4.76735677976036
2018-04-13,4.76735677976036
2018-04-16,4.76735677976036
2018-04-17,4.76735677976036
2018-04-18,4.76735677976036
2018-04-19,4.76735677976036
2018-04-20,4.76735677976036
2018-04-23,4.76735677976036
2018-04-24,4.76735677976036
2018-04-25,4.76735677976036
2018-04-26,4.76735677976036
2018-04-27,4.76735677976036
2018-04-30,4.76735677976036
2018-05-01,4.764300682822743
2018-05-02,4.74371179790223
2018-05-03,4.765483344895731
2018-05-04,4.795058015191759
2018-05-07,4.827529551092084
2018-05-08,4.838800447855529
2018-05-09,4.891971886716717
2018-05-10,4.9288790299064305
2018-05-11,4.932478133254874
2018-05-14,4.924561640978564
2018-05-15,4.909312795599239
2018-05-16,4.925392362215241
2018-05-17,4.946196142465423
2018-05-18,4.953212264145525
2018-05-21,4.997726789710205
2018-05-22,4.9670876305995835
2018-05-23,4.988410519595987
2018-05-24,5.012643756863431
2018-05-25,5.010269850077707
2018-05-29,4.996058731720066
2018-05-30,5.044852344338569
2018-05-31,5.017036172335386
2018-06-01,5.056086820393647
2018-06-04,5.076632063897455
2018-06-05,5.091444572443302
2018-06-06,5.109718022952698
2018-06-07,5.075378523676222
2018-06-08,5.102511848525508
2018-06-11,5.104233554863244
2018-06-12,5.135164941672895
2018-06-13,5.129882503750805
2018-06-14,5.142807188252103
2018-06-15,5.131774910496276
2018-06-18,5.143099710623784
2018-06-19,5.122074383453311
2018-06-20,5.139907583060262
2018-06-21,5.107279763687711
2018-06-22,5.08928689170642
2018-06-25,5.0043705705579145
2018-06-26,5.024392532921898
2018-06-27,4.972350813907648
2018-06-28,5.005949570081982
2018-06-29,5.004884724445236
2018-07-02,5.015794210769404
2018-07-03,4.9862843867913975
2018-07-05,5.011243334493175
2018-07-06,5.046435835412639
2018-07-09,5.077507485297274
2018-07-10,5.094898249023924
2018-07-11,5.069757828221788
2018-07-12,5.1114985105694135
2018-07-13,5.115707026782309
2018-07-16,5.112200643939549
2018-07-17,5.139116090257474
2018-07-18,5.162165199582352
2018-07-19,5.143534598804452
2018-07-20,5.139864548468147
2018-07-23,5.1436976197690125
2018-07-24,5.117430136717939
2018-07-25,5.172120919707173
2018-07-26,5.165557020687246
2018-07-27,5.097950464977654
2018-07-30,5.033936979741421
2018-07-31,5.0657759755224365
2018-08-01,5.09402799024416
2018-08-02,5.182618719519345
2018-08-03,5.173554633135315
2018-08-06,5.200751053653749
2018-08-07,5.229058909517838
2018-08-08,5.225122250610338
2018-08-09,5.226259615415395
2018-08-10,5.219214183738035
2018-08-13,5.193744964164038
2018-08-14,5.238276056165167
2018-08-15,5.1718651426355535
2018-08-16,5.20760714387669
2018-08-17,5.22653808884755
2018-08-20,5.261457304393199
2018-08-21,5.271078737722056
2018-08-22,5.293041155925916
2018-08-23,5.300474048171927
2018-08-24,5.3396040124576025
2018-08-27,5.3691116408857855
2018-08-28,5.375955822734387
2018-08-29,5.402720572447327
2018-08-30,5.391412298939255
2018-08-31,5.418468852654824
2018-09-04,5.43833485000891
2018-09-05,5.360822081371993
2018-09-06,5.365247523481219
2018-09-07,5.35598096835494
2018-09-10,5.390651140057547
2018-09-11,5.4287496826107144
2018-09-12,5.4362268309467625
2018-09-13,5.467081939152822
2018-09-14,5.4550585050741205
2018-09-17,5.368769174677513
2018-09-18,5.421414418734499
2018-09-19,5.3399173490502685
2018-09-20,5.3727894588097636
2018-09-21,5.35864251039531
2018-09-24,5.366698832797321
2018-09-25,5.416752701425104
2018-09-26,5.394205585352331
2018-09-27,5.400344456927866
2018-09-28,5.416831880246039
2018-10-01,5.390195931076113
2018-10-02,5.334748728487782
2018-10-03,5.348444087025866
2018-10-04,5.232058490449953
2018-10-05,5.20686342919216
2018-10-08,5.141102486579088
2018-10-09,5.12269848857365
2018-10-10,4.846239753686825
2018-10-11,4.750875174591786
2018-10-12,4.886158925662991
2018-10-15,4.835800253176623
2018-10-16,5.007325989681613
2018-10-17,4.980433547735529
2018-10-18,4.899330852585602
2018-10-19,4.838730908550124
2018-10-22,4.86978510597339
2018-10-23,4.80266080297369
2018-10-24,4.583842932066366
2018-10-25,4.656705441769122
2018-10-26,4.539017663556862
2018-10-29,4.5027569545779675
2018-10-30,4.609930308078364
2018-10-31,4.735039574509659
2018-11-01,4.759377051731306
2018-11-02,4.747790883126482
2018-11-05,4.7578620445996105
2018-11-06,4.7758065621601835
2018-11-07,4.832971147061268
2018-11-08,4.817827836434752
2018-11-09,4.796024747397266
2018-11-12,4.752932443450303
2018-11-13,4.7453866523147665
2018-11-14,4.715056273710136
2018-11-15,4.727526914756692
2018-11-16,4.733614039616874
2018-11-19,4.657968653613062
2018-11-20,4.603864650915009
2018-11-21,4.631093094085492
2018-11-23,4.622823633869629
2018-11-26,4.660975860371629
2018-11-27,4.651882857126934
2018-11-28,4.724342126039476
2018-11-29,4.725884223242033
2018-11-30,4.7343684221100215
2018-12-03,4.762231220776794
2018-12-04,4.696275694108568
2018-12-06,4.703185975560901
2018-12-07,4.6457588243213985
2018-12-10,4.655638090263786
2018-12-11,4.658808630838975
2018-12-12,4.672569303187618
2018-12-13,4.667431183643665
2018-12-14,4.630233216306025
2018-12-17,4.561029108968549
2018-12-18,4.565352951446409
2018-12-19,4.538112579562692
2018-12-20,4.496639524052634
2018-12-21,4.455794405724824
2018-12-24,4.394774442094829
2018-12-26,4.509110761551355
2018-12-27,4.531086313598282
2018-12-28,4.529685613015324
2018-12-31,4.552753657310992
2019-01-02,4.535842321740751
2019-01-03,4.505319641594573
2019-01-04,4.55184622631434
2019-01-07,4.569511943169237
2019-01-08,4.587848501017466
2019-01-09,4.598220607369283
2019-01-10,4.608291284475362
2019-01-11,4.605223705091961
2019-01-14,4.596873965081423
2019-01-15,4.620070034393843
2019-01-16,4.623792457534427
2019-01-17,4.638154970244558
2019-01-18,4.6564791731710935
2019-01-22,4.640047539956384
2019-01-23,4.643348783668947
2019-01-24,4.639573647474133
2019-01-25,4.652546240131523
2019-01-28,4.642601391621576
2019-01-29,4.6420868817112995
2019-01-30,4.663750466769569
2019-01-31,4.68140582066223
2019-02-01,4.6960278166086455
2019-02-04,4.710345347078938
2019-02-05,4.719924860298681
2019-02-06,4.718481746516757
2019-02-07,4.724628371590456
2019-02-08,4.735069437692012
2019-02-11,4.743700445540722
2019-02-12,4.759178799636325
2019-02-13,4.769355419255024
2019-02-14,4.774749835204609
2019-02-15,4.791060892375821
2019-02-19,4.7929211208543245
2019-02-20,4.786515315009802
2019-02-21,4.78795081789282
2019-02-22,4.816294631626597
2019-02-25,4.808195918161888
2019-02-26,4.8060212640435145
2019-02-27,4.805014308564103
2019-02-28,4.804334681674117
2019-03-01,4.8182201652559735
2019-03-04,4.7924785085711985
2019-03-05,4.794609897958674
2019-03-06,4.775890844210872
2019-03-07,4.763430482766032
2019-03-08,4.755354468993343
2019-03-11,4.78393732209811
2019-03-12,4.7952256755712135
2019-03-13,4.80803877009813
2019-03-14,4.806219208853275
2019-03-15,4.818456313450965
2019-03-18,4.818702311854846
2019-03-19,4.819561378870858
2019-03-20,4.815265800045915
2019-03-21,4.859789708418671
2019-03-22,4.8194839241583844
2019-03-25,4.828466114891965
2019-03-26,4.838761370176517
2019-03-27,4.825549548663019
2019-03-28,4.847548419334575
2019-03-29,4.861626431276209
2019-04-01,4.876230069090384
2019-04-02,4.873755300553753
2019-04-03,4.874322591193139
2019-04-04,4.860340383831241
2019-04-05,4.872903971278279
2019-04-08,4.873002192894671
2019-04-09,4.867908760681232
2019-04-10,4.883787134808347
2019-04-11,4.884743580238929
2019-04-12,4.893539630871737
2019-04-15,4.891990068952077
2019-04-16,4.875826631191842
2019-04-17,4.851740540076766
2019-04-18,4.856843112661772
2019-04-22,4.858014407920815
2019-04-23,4.881238976159695
2019-04-24,4.8882548382150866
2019-04-25,4.884782933308624
2019-04-26,4.903583444810483
2019-04-29,4.896799273491598
2019-04-30,4.914279034141738
2019-05-01,4.845497766632301
2019-05-02,4.8544320161137975
2019-05-03,4.890334810650185
2019-05-06,4.882138043110359
2019-05-07,4.819659767794274
2019-05-08,4.827476617519417
2019-05-09,4.820632913562391
2019-05-10,4.851253534162765
2019-05-13,4.773946995814009
2019-05-14,4.8167595622224315
2019-05-15,4.842106029431558
2019-05-16,4.892702355667559
2019-05-17,4.869180626526741
2019-05-20,4.83558638189437
2019-05-21,4.878226614767773
2019-05-22,4.884826402734926
2019-05-23,4.8368537772029505
2019-05-24,4.849861725055901
2019-05-28,4.838859172851142
2019-05-29,4.802078522739536
2019-05-30,4.837588331233705
2019-05-31,4.814934418503614
2019-06-03,4.811018825589267
2019-06-04,4.88570119839998
2019-06-05,4.966494772912392
2019-06-06,5.007904951203893
2019-06-07,5.051976876660547
2019-06-10,5.0583440985686545
2019-06-11,5.035275596703992
2019-06-12,5.06523503603033
2019-06-13,5.062248908072783
2019-06-14,5.066620783052885
2019-06-17,5.058208584126649
2019-06-18,5.084248375546946
2019-06-19,5.126065341469131
2019-06-20,5.16249027288206
2019-06-21,5.128633810069312
2019-06-24,5.117408928882807
2019-06-25,5.06809538839843
2019-06-26,5.016945894536964
2019-06-27,5.050002052107877
2019-06-28,5.089339663376096
2019-07-01,5.13354008677141
2019-07-02,5.202389791535556
2019-07-03,5.296582201886033
2019-07-05,5.279109244103929
2019-07-08,5.263225958886089
2019-07-09,5.269639772508147
2019-07-10,5.300387410073574
2019-07-11,5.293549520020901
2019-07-12,5.317931207178483
2019-07-15,5.33275613891428
2019-07-16,5.311948920921736
2019-07-17,5.272895007306616
2019-07-18,5.323820373966768
2019-07-19,5.224093895129295
2019-07-22,5.230186895343624
2019-07-23,5.240650389131569
2019-07-24,5.242338857910356
2019-07-25,5.229174100311506
2019-07-26,5.277733464744199
2019-07-29,5.266432894234207
2019-07-30,5.260452562342182
2019-07-31,5.18914625257142
2019-08-01,5.158030281392804
2019-08-02,5.102520362159216
2019-08-05,4.9451905604494275
2019-08-06,5.076395489544995
2019-08-07,5.104471964584101
2019-08-08,5.249749731428363
2019-08-09,5.245747147645731
2019-08-12,5.176939073960187
2019-08-13,5.237583871744098
2019-08-14,5.055819010068969
2019-08-15,5.132247237355109
2019-08-16,5.214237654260921
2019-08-19,5.260231400670144
2019-08-20,5.235723974741983
2019-08-21,5.313363070957473
2019-08-22,5.31796052337353
2019-08-23,5.17198332814137
2019-08-26,5.247601382239109
2019-08-27,5.2509783785892985
2019-08-28,5.2786900922082465
2019-08-29,5.356414896710136
2019-08-30,5.348751982913714
2019-09-03,5.336008456880789
2019-09-04,5.377561632147393
2019-09-05,5.3776594415951875
2019-09-06,5.371752926426259
2019-09-09,5.2801095951755945
2019-09-10,5.192119522177899
2019-09-11,5.204330628017297
2019-09-12,5.2412546014183246
2019-09-13,5.208129765078441
2019-09-16,5.2094385131468695
2019-09-17,5.272422974869392
2019-09-18,5.275998410748085
2019-09-19,5.279827686455014
2019-09-20,5.274535745279095
2019-09-23,5.276572352351768
2019-09-24,5.254635001714694
2019-09-25,5.253420431507735
2019-09-26,5.268499111657762
2019-09-27,5.211276143344273
2019-09-30,5.240713331131937
2019-10-01,5.188913876416366
2019-10-02,5.13149092832857
2019-10-03,5.168333418340468
2019-10-04,5.228545942846768
2019-10-07,5.205537299568884
2019-10-08,5.146129875367827
2019-10-09,5.195117242302168
2019-10-10,5.211216596155293
2019-10-11,5.2238790633494485
2019-10-14,5.213303492458906
2019-10-15,5.2272557862594695
2019-10-16,5.207358430991595
2019-10-17,5.226171139901287
2019-10-18,5.230511198964789
2019-10-21,5.245038855244917
2019-10-22,5.1883633809897045
2019-10-23,5.200933156239797
2019-10-24,5.233063268138191
2019-10-25,5.215935026556335
2019-10-28,5.2113169275760995
2019-10-29,5.229023495582042
2019-10-30,5.252676719010659
2019-10-31,5.238532940443325
2019-11-01,5.243367355082303
2019-11-04,5.195669824983984
2019-11-05,5.166634959486968
2019-11-06,5.187865703493053
2019-11-07,5.169693989514301
2019-11-08,5.175790543807912
2019-11-11,5.194218511520665
2019-11-12,5.208135282267992
2019-11-13,5.242973618306819
2019-11-14,5.268786236848412
2019-11-15,5.285509631930783
2019-11-18,5.300350593503563
2019-11-19,5.311026863943113
2019-11-20,5.319268902095444
2019-11-21,5.285619195093057
2019-11-22,5.279940133332845
2019-11-25,5.313253036326918
2019-11-26,5.35203336173617
2019-11-27,5.369318940158797
2019-11-29,5.3441627169527575
2019-12-02,5.2878071024787445
2019-12-03,5.272203065563671
2019-12-04,5.289494286497536
2019-12-05,5.298478633275771
2019-12-06,5.315714246886667
2019-12-09,5.29846882381687
2019-12-10,5.292443388087776
2019-12-11,5.313917861023252
2019-12-12,5.317548694946373
2019-12-13,5.330221241434423
2019-12-16,5.363745683541044
2019-12-17,5.371233492549862
2019-12-18,5.3644714216542875
2019-12-19,5.379703364193685
2019-12-20,5.412167567708427
2019-12-23,5.392731344565101
2019-12-24,5.398059076525734
2019-12-26,5.40790353898783
2019-12-27,5.407950736112497
2019-12-30,5.387613361019292
2019-12-31,5.397847475070739
