index_,SPX Index_open,SPX Index_high,SPX Index_low,SPX Index_close,SPX Index_volume,SPX Index_num_trds,SPX Index_value,return,momentum_3,momentum_10,ma_fast,ma_slow,volatility
2025-06-09 09:31:00-04:00,6007.42,6009.55,5994.18,6008.01,0,3600,0,,,,,,
2025-06-09 10:31:00-04:00,6008.05,6012.37,5999.74,6003.53,0,3600,0,-0.000745671,,,,,
2025-06-09 11:31:00-04:00,6003.52,6009.3,6001.39,6007.48,0,3600,0,0.000657946,,,,,
2025-06-09 12:31:00-04:00,6007.5,6019.84,6007.46,6015.94,0,3600,0,0.001408244,0.001319905,,,,
2025-06-09 13:31:00-04:00,6015.83,6021.31,6014.71,6020.16,0,3600,0,0.00070147,0.002770037,,6011.024,,
2025-06-09 14:31:00-04:00,6020.12,6020.78,6012.63,6013.15,0,3600,0,-0.001164421,0.000943823,,6012.052,,
2025-06-09 15:31:00-04:00,6013.17,6016.1,6004.2,6004.81,0,1740,0,-0.00138696,-0.001850085,,6012.308,,
2025-06-10 09:31:00-04:00,6015.69,6022.02,6010.87,6021.09,0,3600,0,0.00271116,0.000154481,,6015.03,,
2025-06-10 10:31:00-04:00,6021.09,6024.86,6018.2,6018.6,0,3600,0,-0.000413546,0.000906347,,6015.562,,
2025-06-10 11:31:00-04:00,6018.6,6028.64,6000.28,6027.6,0,3600,0,0.001495364,0.003795291,,6017.05,,
2025-06-10 12:31:00-04:00,6027.54,6035.83,6026.37,6026.93,0,3600,0,-0.000111155,0.000969924,0.003149129,6019.806,,
2025-06-10 13:31:00-04:00,6026.92,6028.36,6011.41,6018.57,0,3600,0,-0.001387108,-4.98E-06,0.002505193,6022.558,,
2025-06-10 14:31:00-04:00,6018.42,6043.01,6017.54,6033.35,0,3600,0,0.002455733,0.000953945,0.004306298,6025.01,,
2025-06-10 15:31:00-04:00,6033.33,6040.43,6025.5,6039.45,0,1740,0,0.001011047,0.002077343,0.003907951,6029.18,,
2025-06-11 09:31:00-04:00,6048.43,6058.13,6031.81,6056.68,0,3600,0,0.002852909,0.006332069,0.006066284,6034.996,,
2025-06-11 10:31:00-04:00,6056.7,6059.4,6044.38,6050.74,0,3600,0,-0.000980735,0.002882312,0.006251299,6039.758,,
2025-06-11 11:31:00-04:00,6050.54,6052.91,6028.81,6041.82,0,3600,0,-0.0014742,0.00039242,0.006163392,6044.408,,
2025-06-11 12:31:00-04:00,6041.84,6052.65,6036.74,6052.58,0,3600,0,0.00178092,-0.000676939,0.00522995,6048.254,,
2025-06-11 13:31:00-04:00,6052.67,6052.89,6002.32,6009.7,0,3600,0,-0.007084582,-0.006782641,-0.001478749,6042.304,,
2025-06-11 14:31:00-04:00,6009.72,6030.2,6007.95,6014.81,0,3600,0,0.000850292,-0.004470507,-0.002121906,6033.93,6024.25,
2025-06-11 15:31:00-04:00,6014.8,6023.79,6006.76,6023.29,0,1740,0,0.001409853,-0.004839259,-0.000603956,6028.44,6025.014,0.002206495
2025-06-12 09:31:00-04:00,6011.83,6034.91,6003.88,6033.85,0,3600,0,0.001753195,0.004018503,0.002538809,6026.846,6026.53,0.002225012
2025-06-12 10:31:00-04:00,6033.95,6044.67,6025.61,6034.33,0,3600,0,7.96E-05,0.003245323,0.00016243,6023.196,6027.8725,0.002223247
2025-06-12 11:31:00-04:00,6034.35,6040.1,6026.8,6036.98,0,3600,0,0.000439154,0.002272844,-0.000408978,6028.652,6028.9245,0.002206608
2025-06-12 12:31:00-04:00,6037.08,6041.91,6030.57,6040.83,0,3600,0,0.000637736,0.001156807,-0.002616945,6033.856,6029.958,0.002205857
2025-06-12 13:31:00-04:00,6040.97,6044.21,6033.81,6036.26,0,3600,0,-0.000756519,0.000319837,-0.002393096,6036.45,6031.1135,0.002194691
2025-06-12 14:31:00-04:00,6036.31,6044.1,6034,6040.12,0,3600,0,0.000639469,0.000520128,-0.000281372,6037.704,6032.879,0.002164424
2025-06-12 15:31:00-04:00,6040.05,6045.43,6033.12,6045.43,0,1740,0,0.000879122,0.000761485,-0.001181314,6039.924,6034.096,0.002094442
2025-06-13 09:31:00-04:00,6000.83,6010.13,5974.68,5976.04,0,3600,0,-0.011478092,-0.009976376,-0.005600945,6027.736,6031.968,0.003350663
2025-06-13 10:31:00-04:00,5976.12,6015.41,5974.65,6013.96,0,3600,0,0.006345339,-0.00433104,-0.000141318,6022.362,6031.286,0.00365306
2025-06-13 11:31:00-04:00,6013.9,6026.16,6011.38,6018.18,0,3600,0,0.000701701,-0.004507537,-0.000848374,6018.746,6030.8485,0.00365753
2025-06-13 12:31:00-04:00,6018.32,6022.29,6000.59,6004.63,0,3600,0,-0.002251511,0.004784105,-0.004842679,6011.648,6030.1515,0.003679003
2025-06-13 13:31:00-04:00,6004.56,6010.22,5977.7,5978.78,0,3600,0,-0.004305011,-0.005849723,-0.009205662,5998.318,6027.423,0.003740975
2025-06-13 14:31:00-04:00,5978.81,5983.93,5964.26,5974.31,0,3600,0,-0.000747644,-0.007289579,-0.010381018,5997.972,6024.166,0.003725524
2025-06-13 15:31:00-04:00,5974.37,5979.78,5963.21,5976.99,0,1740,0,0.000448587,-0.004603115,-0.010568084,5990.578,6020.1815,0.003648427
2025-06-16 09:31:00-04:00,6015.8,6048.13,6015.8,6047.54,0,3600,0,0.0118036,0.011500674,0.001868707,5996.45,6020.0215,0.004587541
2025-06-16 10:31:00-04:00,6047.6,6050.83,6039.53,6041.81,0,3600,0,-0.000947493,0.011298376,0.000279796,6003.886,6020.021,0.004580238
2025-06-16 11:31:00-04:00,6042.09,6044.82,6035.31,6037.66,0,3600,0,-0.00068688,0.010150594,-0.001285268,6015.662,6019.275,0.004563225
2025-06-16 12:31:00-04:00,6037.39,6043.2,6030.4,6043.2,0,3600,0,0.000917574,-0.000717647,0.011238211,6029.44,6020.95,0.004260609
2025-06-16 13:31:00-04:00,6043.12,6043.21,6028.69,6031.27,0,3600,0,-0.00197412,-0.00174451,0.002878303,6040.296,6021.773,0.004287664
2025-06-16 14:31:00-04:00,6031.3,6033.8,6023.4,6027.56,0,3600,0,-0.000615127,-0.001672834,0.001558611,6036.3,6021.9865,0.004280136
2025-06-16 15:31:00-04:00,6027.25,6034.4,6024.81,6033.26,0,1740,0,0.000945656,-0.001644824,0.004767987,6034.59,6021.957,0.004266953
2025-06-17 09:31:00-04:00,6012.75,6023.25,6005.82,6019.44,0,3600,0,-0.002290636,-0.001961444,0.006800719,6030.946,6021.2125,0.004297542
2025-06-17 10:31:00-04:00,6019.44,6023.25,6010.73,6011.35,0,3600,0,-0.001343979,-0.002689314,0.006199879,6024.576,6019.931,0.004303938
2025-06-17 11:31:00-04:00,6011.23,6022.06,6008.89,6018.04,0,3600,0,0.001112895,-0.002522683,0.006868005,6021.93,6018.7915,0.004310135
2025-06-17 12:31:00-04:00,6018.05,6022.56,5992.76,5996.22,0,3600,0,-0.003625765,-0.003857502,-0.008486095,6015.662,6016.7895,0.004377553
2025-06-17 13:31:00-04:00,5996.43,6005.12,5976.5,5983.2,0,3600,0,-0.002171368,-0.004682808,-0.009700735,6005.65,6013.9435,0.004390109
2025-06-17 14:31:00-04:00,5983.34,5989.91,5974.8,5988.85,0,3600,0,0.000944311,-0.004850416,-0.008084258,5999.532,6011.1145,0.004391183
2025-06-17 15:31:00-04:00,5988.93,5990.78,5980.24,5982.05,0,1740,0,-0.001135443,-0.002363155,-0.010118811,5993.672,6011.415,0.003554798
2025-06-18 09:31:00-04:00,5987.16,6016.81,5980.68,6014.8,0,3600,0,0.005474712,0.005281455,-0.002730768,5993.024,6011.457,0.003478235
2025-06-18 10:31:00-04:00,6015,6018.25,6005.68,6007.94,0,3600,0,-0.00114052,0.00318759,-0.003255048,5995.368,6010.945,0.003483418
2025-06-18 11:31:00-04:00,6007.89,6011.15,6000.64,6002.02,0,3600,0,-0.000985363,0.00333832,-0.005177963,5999.132,6010.8145,0.003453239
2025-06-18 12:31:00-04:00,6001.91,6006.98,5994.26,5994.73,0,3600,0,-0.001214591,-0.003336769,-0.004105033,6000.308,6011.612,0.003317708
2025-06-18 13:31:00-04:00,5993.93,6014.55,5987.13,5997.84,0,3600,0,0.000518789,-0.001681109,-0.002247415,6003.466,6012.7885,0.003311987
2025-06-18 14:31:00-04:00,5997.96,6013.25,5971.89,5978.42,0,3600,0,-0.003237832,-0.00393201,-0.006583539,5996.19,6012.86,0.003398964
2025-06-18 15:31:00-04:00,5978.43,5993.7,5977.39,5980.12,0,1740,0,0.000284356,-0.002437141,-0.002685025,5990.626,6009.489,0.001973891
2025-06-20 09:31:00-04:00,6007.93,6018.2,5977.31,5982.9,0,3600,0,0.000464874,-0.002490897,-5.01E-05,5986.802,6006.5435,0.00198448
2025-06-20 10:31:00-04:00,5982.79,5988.87,5959.18,5977.55,0,3600,0,-0.000894215,-0.000145523,-0.00188684,5983.366,6003.538,0.001986115
2025-06-20 11:31:00-04:00,5977.45,5987.33,5966.19,5974.11,0,3600,0,-0.000575487,-0.001004997,-0.001327304,5978.62,6000.0835,0.001957956
2025-06-20 12:31:00-04:00,5974.13,5981.44,5956.15,5958.37,0,3600,0,-0.002634702,-0.004100018,-0.009381858,5974.61,5996.4385,0.001988175
2025-06-20 13:31:00-04:00,5957.73,5976.48,5952.56,5973.36,0,3600,0,0.002515789,-0.000700956,-0.005755717,5973.258,5993.7285,0.00210712
2025-06-20 14:31:00-04:00,5973.38,5975.58,5956.62,5960.33,0,3600,0,-0.002181352,-0.00230662,-0.006945995,5968.744,5990.082,0.002114157
2025-06-20 15:31:00-04:00,5960.37,5973.24,5957.18,5966.93,0,1740,0,0.001107321,0.001436635,-0.004637407,5966.62,5987.4565,0.002108157
2025-06-23 09:31:00-04:00,5965.58,6005.58,5958.16,5998.06,0,3600,0,0.005217088,0.004135026,3.67E-05,5971.41,5986.792,0.002443263
2025-06-23 10:31:00-04:00,5998.08,6000.98,5985.57,5990.49,0,3600,0,-0.001262075,0.005060123,0.002018928,5977.834,5985.4145,0.002438521
2025-06-23 11:31:00-04:00,5990.31,5990.91,5963.65,5965.84,0,3600,0,-0.004114855,-0.000182674,-0.002387912,5976.33,5983.8955,0.002476559
2025-06-23 12:31:00-04:00,5965.62,6007.12,5943.23,6005.38,0,3600,0,0.006627734,0.001220395,0.003757375,5985.34,5985.0045,0.002868082
2025-06-23 13:31:00-04:00,6005.88,6014.6,6005.32,6008.8,0,3600,0,0.000569489,0.003056511,0.005227894,5993.714,5986.002,0.002864108
2025-06-23 14:31:00-04:00,6008.85,6017.2,6004.3,6015.49,0,3600,0,0.001113367,0.008322382,0.006926555,5997.2,5987.674,0.002854279
2025-06-23 15:31:00-04:00,6015.47,6028.77,6012.94,6025.04,0,1740,0,0.001587568,0.003273731,0.011189302,6004.11,5988.186,0.002603448
2025-06-24 09:31:00-04:00,6063.99,6078.71,6059.25,6070.68,0,3600,0,0.007575053,0.010298229,0.016292338,6025.078,5991.323,0.00307387
2025-06-24 10:31:00-04:00,6070.89,6082.03,6070.68,6080.9,0,3600,0,0.001683502,0.010873595,0.020228746,6040.182,5995.267,0.003062805
2025-06-24 11:31:00-04:00,6080.89,6089.83,6080.55,6089.51,0,3600,0,0.001415909,0.010700344,0.020543227,6056.324,6000.006,0.003034532
2025-06-24 12:31:00-04:00,6089.69,6095.37,6087.31,6088.51,0,3600,0,-0.000164217,0.002937068,0.015079876,6070.928,6004.5395,0.003041568
2025-06-24 13:31:00-04:00,6088.44,6098.25,6088.09,6093.88,0,3600,0,0.000881989,0.002134552,0.017259022,6084.696,6010.3125,0.002892799
2025-06-24 14:31:00-04:00,6093.86,6100.24,6092.69,6098.5,0,3600,0,0.000758138,0.001476309,0.0222366,6090.26,6016.2315,0.002888905
2025-06-24 15:31:00-04:00,6098.43,6101.76,6092.42,6092.45,0,1740,0,-0.000992047,0.000647121,0.014498666,6092.57,6021.709,0.00292089
2025-06-25 09:31:00-04:00,6106.05,6108.51,6096.88,6101.74,0,3600,0,0.001524838,0.001289819,0.015467315,6095.016,6027.9185,0.002892116
2025-06-25 10:31:00-04:00,6101.94,6107.39,6092.18,6093.87,0,3600,0,-0.001289796,-0.000759203,0.013029695,6096.088,6033.9065,0.002917322
2025-06-25 11:31:00-04:00,6094.07,6096.25,6088.81,6093.76,0,3600,0,-1.81E-05,0.00021502,0.011405733,6096.064,6040.676,0.002802289
2025-06-25 12:31:00-04:00,6093.78,6094.88,6086.26,6092.83,0,3600,0,-0.000152615,-0.001460239,0.003648685,6094.93,6046.6495,0.002796242
2025-06-25 13:31:00-04:00,6092.85,6092.96,6080.09,6085.9,0,3600,0,-0.001137402,-0.001307872,0.000822247,6093.62,6052.928,0.002743079
2025-06-25 14:31:00-04:00,6085.81,6097.18,6084.32,6092.87,0,3600,0,0.00114527,-0.000146051,0.000551769,6091.846,6059.225,0.002743137
2025-06-25 15:31:00-04:00,6092.63,6094.49,6087.6,6093.46,0,1740,0,9.68E-05,0.0001034,0.000813007,6091.764,6063.995,0.002566877
2025-06-26 09:31:00-04:00,6114.92,6125.7,6107.27,6125.43,0,3600,0,0.005246609,0.006495342,0.005177325,6098.098,6070.742,0.002701742
2025-06-26 10:31:00-04:00,6125.51,6132.31,6122.39,6123.21,0,3600,0,-0.000362424,0.004979591,0.004051816,6104.174,6078.6105,0.002436506
2025-06-26 11:31:00-04:00,6123.07,6134.99,6122.12,6133.84,0,3600,0,0.001736018,0.006626777,0.006793654,6113.762,6085.0335,0.002095826
2025-06-26 12:31:00-04:00,6133.76,6136.9,6130.32,6136.59,0,3600,0,0.000448333,0.001821913,0.005711486,6122.506,6091.423,0.002097496
2025-06-26 13:31:00-04:00,6136.67,6144.66,6135.53,6141.51,0,3600,0,0.000801748,0.002988629,0.007817692,6132.116,6097.724,0.002098196
2025-06-26 14:31:00-04:00,6141.67,6142.8,6134.83,6140.38,0,3600,0,-0.000183994,0.001066216,0.007650449,6135.106,6103.491,0.002111184
2025-06-26 15:31:00-04:00,6140.28,6146.52,6136.15,6142.09,0,1740,0,0.000278484,0.000896263,0.008084913,6138.882,6107.0615,0.001425196
2025-06-27 09:31:00-04:00,6157.06,6178.74,6153.57,6172.22,0,3600,0,0.004905496,0.005000399,0.014183605,6146.558,6111.6275,0.001709538
2025-06-27 10:31:00-04:00,6171.75,6178.8,6170.03,6177.57,0,3600,0,0.000866787,0.006056628,0.013901495,6154.754,6116.0305,0.001702624
2025-06-27 11:31:00-04:00,6177.61,6186.99,6177.28,6186.16,0,3600,0,0.001390514,0.007175082,0.015213032,6163.684,6120.913,0.001695631
2025-06-27 12:31:00-04:00,6186.19,6187.68,6176.52,6178.32,0,3600,0,-0.001267345,0.000988299,0.008634496,6171.272,6125.135,0.001756978
2025-06-27 13:31:00-04:00,6178.25,6179.27,6143.63,6143.63,0,3600,0,-0.005614795,-0.00549407,0.003334852,6171.58,6127.3915,0.00225207
2025-06-27 14:31:00-04:00,6143.74,6150.5,6132.35,6149.74,0,3600,0,0.000994526,-0.005887336,0.002592177,6167.084,6130.256,0.002232507
2025-06-27 15:31:00-04:00,6149.7,6174.79,6149.2,6172.85,0,1740,0,0.003757882,-0.000885354,0.005908819,6166.14,6133.8115,0.002341208
2025-06-30 09:31:00-04:00,6194.29,6195.34,6183.05,6188.28,0,3600,0,0.002499656,0.00726769,0.007615391,6166.564,6138.532,0.002335074
2025-06-30 10:31:00-04:00,6188.44,6188.79,6179.83,6184.32,0,3600,0,-0.000639919,0.005623002,0.007155909,6167.764,6143.06,0.002350233
2025-06-30 11:31:00-04:00,6184.2,6192.03,6183.83,6186.12,0,3600,0,0.000291059,0.002149736,0.00716857,6176.262,6147.7245,0.002343443
2025-06-30 12:31:00-04:00,6186.17,6194.01,6185.39,6187.48,0,3600,0,0.000219847,-0.000129277,0.002472368,6183.81,6152.8035,0.002304858
2025-06-30 13:31:00-04:00,6187.37,6187.63,6174.97,6182.31,0,3600,0,-0.000835558,-0.000325016,0.000767292,6185.702,6157.2755,0.002333009
2025-06-30 14:31:00-04:00,6181.65,6205.26,6176.03,6199.67,0,3600,0,0.002808012,0.002190388,0.002183907,6187.98,6162.586,0.002372621
2025-06-30 15:31:00-04:00,6199.76,6215.08,6197.4,6203.31,0,1740,0,0.000587128,0.002558392,0.004044789,6191.778,6166.48,0.002137012
2025-07-01 09:31:00-04:00,6187.65,6203.21,6186.43,6195.48,0,3600,0,-0.001262229,0.002130272,0.008439636,6193.65,6170.0935,0.002168337
2025-07-01 10:31:00-04:00,6195.23,6199,6177.97,6195.72,0,3600,0,3.87E-05,-0.000637131,0.007476739,6195.298,6173.1875,0.002154254
2025-07-01 11:31:00-04:00,6195.97,6203.55,6183.53,6195.99,0,3600,0,4.36E-05,-0.001180015,0.003748674,6198.034,6176.1575,0.002156707
2025-07-01 12:31:00-04:00,6195.86,6205.29,6193.17,6202.74,0,3600,0,0.001089414,0.001171822,0.002336675,6198.648,6179.219,0.002159895
2025-07-01 13:31:00-04:00,6202.81,6210.78,6200.79,6203.67,0,3600,0,0.000149934,0.001283144,0.003128881,6198.72,6182.3835,0.002155629
2025-07-01 14:31:00-04:00,6203.54,6207.59,6190.31,6205.37,0,3600,0,0.000274031,0.001513882,0.003111805,6200.698,6185.5475,0.002155655
2025-07-01 15:31:00-04:00,6205.48,6209.52,6197.29,6197.53,0,1740,0,-0.001263422,-0.000839951,0.001624248,6201.06,6186.813,0.00192315
2025-07-02 09:31:00-04:00,6195.99,6211.38,6188.29,6210.65,0,3600,0,0.002116972,0.00112514,0.004584047,6203.992,6188.467,0.001965595
2025-07-02 10:31:00-04:00,6210.56,6214.63,6205.41,6211.93,0,3600,0,0.000206098,0.001057149,0.001977525,6205.83,6189.7555,0.001947785
2025-07-02 11:31:00-04:00,6212.17,6217.48,6211.83,6214.05,0,3600,0,0.000341279,0.002665578,0.001731334,6207.906,6191.542,0.001916546
2025-07-02 12:31:00-04:00,6214.26,6219.2,6213.29,6218.05,0,3600,0,0.000643703,0.001191502,0.003642978,6210.442,6195.263,0.001319658
2025-07-02 13:31:00-04:00,6218.25,6219.96,6215.43,6219.44,0,3600,0,0.000223543,0.001208964,0.003828449,6214.824,6198.748,0.001318881
2025-07-02 14:31:00-04:00,6219.38,6224.61,6219.19,6221.01,0,3600,0,0.000252434,0.001120042,0.004038096,6216.896,6201.156,0.001084209
2025-07-02 15:31:00-04:00,6220.89,6227.6,6218.87,6227.11,0,1740,0,0.000980548,0.001457048,0.003928909,6219.932,6203.0975,0.000976433
2025-07-03 09:31:00-04:00,6251.72,6273.02,6250.08,6271.89,0,3600,0,0.007191137,0.008433235,0.010996716,6231.5,6207.476,0.001798324
2025-07-03 10:31:00-04:00,6272.08,6279.69,6270.13,6277.09,0,3600,0,0.000829096,0.009014613,0.011557731,6243.308,6212.0245,0.001795831
2025-07-03 11:31:00-04:00,6276.92,6282.8,6276.92,6278.72,0,3600,0,0.000259674,0.008287954,0.01310038,6255.164,6216.5865,0.001795256
2025-07-03 12:31:00-04:00,6278.64,6284.65,6271.35,6279.35,0,2940,0,0.000100339,0.001189434,0.011061644,6266.832,6221.4385,0.001764126
2025-07-03 13:31:00-04:00,6279.35,6279.35,6279.35,6279.35,0,1,0,0,0.000360039,0.01085331,6277.28,6225.4225,0.001705021
2025-07-07 09:31:00-04:00,6261.12,6262.07,6248.22,6251.38,0,3600,0,-0.004454283,-0.004354391,0.006007354,6273.178,6227.826,0.002050853
2025-07-07 10:31:00-04:00,6250.93,6251.28,6237.76,6241.41,0,3600,0,-0.001594848,-0.006042027,0.003756805,6266.042,6230.1225,0.00206623
2025-07-07 11:31:00-04:00,6241.4,6244.66,6215.25,6229.57,0,3600,0,-0.001897007,-0.007927572,0.001628764,6256.212,6231.815,0.002127075
2025-07-07 12:31:00-04:00,6230.24,6234.95,6217.42,6229.56,0,3600,0,-1.61E-06,-0.003490429,0.001374375,6246.254,6233.4935,0.002127357
2025-07-07 13:31:00-04:00,6229.6,6230.52,6201,6202.83,0,3600,0,-0.004290833,-0.006181296,-0.00389908,6230.95,6233.498,0.002347395
2025-07-07 14:31:00-04:00,6202.31,6225.79,6201.89,6219.41,0,3600,0,0.002672973,-0.001630931,-0.008367494,6224.556,6234.285,0.002422289
2025-07-07 15:31:00-04:00,6219.47,6230.76,6216.29,6230.07,0,1740,0,0.001713989,8.19E-05,-0.007490732,6222.288,6235.52,0.002448074
2025-07-08 09:31:00-04:00,6233.17,6238.45,6218.91,6224.88,0,3600,0,-0.000833056,0.003554829,-0.008574996,6221.35,6236.8875,0.002436384
2025-07-08 10:31:00-04:00,6224.94,6236.84,6217.75,6223.04,0,3600,0,-0.000295588,0.000583657,-0.008967489,6220.046,6237.507,0.002397083
2025-07-08 11:31:00-04:00,6223.15,6242.7,6222.15,6239.91,0,3600,0,0.002710894,0.001579437,-0.006280905,6227.462,6238.906,0.002467196
2025-07-08 12:31:00-04:00,6240.14,6241.76,6220.88,6231.93,0,3600,0,-0.001278865,0.001132552,-0.003111313,6229.966,6239.8,0.002489762
2025-07-08 13:31:00-04:00,6232,6234.75,6224.54,6227.14,0,3600,0,-0.000768622,0.000658842,-0.002286342,6229.38,6240.2545,0.002494944
2025-07-08 14:31:00-04:00,6227,6230.87,6223.29,6226.33,0,3600,0,-0.000130076,-0.002176313,-0.0005201,6229.67,6240.599,0.002495097
2025-07-08 15:31:00-04:00,6226.36,6228.56,6221.72,6225.62,0,1740,0,-0.000114032,-0.001012527,-0.000632468,6230.186,6240.8295,0.002494942
2025-07-09 09:31:00-04:00,6251.25,6269.16,6250.77,6251.57,0,3600,0,0.00416826,0.003923149,0.007857704,6232.518,6242.0525,0.002654884
2025-07-09 10:31:00-04:00,6247.68,6249.66,6231.43,6242.85,0,3600,0,-0.00139485,0.002653248,0.003768846,6234.702,6240.6005,0.002101262
2025-07-09 11:31:00-04:00,6242.9,6247.14,6236.06,6242.09,0,3600,0,-0.000121739,0.00264552,0.001929352,6237.692,6238.8505,0.002086746
2025-07-09 12:31:00-04:00,6242.11,6248.62,6239.09,6246.37,0,3600,0,0.000685668,-0.000831791,0.003452275,6241.7,6237.233,0.002094676
2025-07-09 13:31:00-04:00,6246.27,6254.66,6242.95,6251.05,0,3600,0,0.000749235,0.001313503,0.004501016,6246.786,6235.818,0.002105487
2025-07-09 14:31:00-04:00,6251.06,6259.71,6250.46,6257,0,3600,0,0.00095184,0.002388623,0.002738822,6247.872,6234.7005,0.002121506
2025-07-09 15:31:00-04:00,6257.02,6263.85,6256.75,6262.71,0,1740,0,0.000912578,0.002615919,0.00493908,6251.844,6235.267,0.001877253
2025-07-10 09:31:00-04:00,6264.58,6264.58,6251.44,6260.2,0,3600,0,-0.000400785,0.001463754,0.005309018,6255.466,6236.2065,0.00183938
2025-07-10 10:31:00-04:00,6260.87,6278.34,6260.15,6277.96,0,3600,0,0.00283697,0.003349848,0.008292204,6261.784,6238.626,0.001866237
2025-07-10 11:31:00-04:00,6278.03,6279.45,6271.73,6276.66,0,3600,0,-0.000207074,0.00222747,0.00819838,6266.906,6240.981,0.001869061
2025-07-10 12:31:00-04:00,6276.72,6284.03,6274.01,6283.85,0,3600,0,0.001145514,0.003777835,0.005163503,6272.276,6245.032,0.001516298
2025-07-10 13:31:00-04:00,6283.88,6290.22,6283.3,6287.92,0,3600,0,0.000647692,0.001586503,0.007219459,6277.318,6248.4575,0.001439795
2025-07-10 14:31:00-04:00,6287.89,6288.1,6282.68,6283.69,0,3600,0,-0.000672718,0.001120022,0.006664435,6282.016,6251.1385,0.001437053
2025-07-10 15:31:00-04:00,6283.82,6287.85,6274.09,6280.25,0,1740,0,-0.000547449,-0.000572897,0.00542395,6282.474,6253.907,0.001425216
2025-07-11 09:31:00-04:00,6253.34,6264.21,6237.6,6262.05,0,3600,0,-0.002897974,-0.004114238,0.001759704,6279.552,6255.8575,0.001603876
2025-07-11 10:31:00-04:00,6262.33,6265.45,6249.18,6256.88,0,3600,0,-0.000825608,-0.004266601,-1.92E-05,6274.158,6256.706,0.001518348
2025-07-11 11:31:00-04:00,6256.96,6267.04,6253.25,6261.17,0,3600,0,0.000685645,-0.003038096,-0.0002459,6268.808,6258.168,0.001485119
2025-07-11 12:31:00-04:00,6261.18,6266.61,6257.01,6266.4,0,3600,0,0.000835307,0.000694661,0.000990384,6265.35,6260.131,0.001471306
2025-07-11 13:31:00-04:00,6266.31,6267.73,6258.84,6263.9,0,3600,0,-0.000398953,0.001121965,-0.002239581,6262.08,6262.0095,0.001476808
2025-07-11 14:31:00-04:00,6263.83,6269.44,6253.28,6265.92,0,3600,0,0.000322483,0.000758644,-0.001711101,6262.854,6264.0245,0.00147356
2025-07-11 15:31:00-04:00,6265.89,6266.85,6256.72,6258.4,0,1740,0,-0.001200143,-0.00127665,-0.004050065,6263.158,6264.366,0.001199927
2025-07-14 09:31:00-04:00,6252.71,6259.01,6239.22,6249.65,0,3600,0,-0.001398121,-0.002274941,-0.006086273,6260.854,6264.706,0.001200136
2025-07-14 10:31:00-04:00,6249.53,6263,6245.62,6262.76,0,3600,0,0.002097717,-0.000504315,-0.003330845,6260.126,6265.7395,0.001282695
2025-07-14 11:31:00-04:00,6262.76,6265.42,6259.69,6259.79,0,3600,0,-0.000474232,0.000222101,-0.003257832,6259.304,6266.4105,0.001284187
2025-07-14 12:31:00-04:00,6259.72,6270.74,6258.19,6268.46,0,3600,0,0.00138503,0.003009769,0.001023626,6259.812,6267.281,0.001308533
2025-07-14 13:31:00-04:00,6268.5,6272.08,6265.94,6272.02,0,3600,0,0.000567923,0.001478581,0.002419736,6262.536,6268.032,0.001298774
2025-07-14 14:31:00-04:00,6272.18,6273.31,6266.88,6267.33,0,3600,0,-0.000747765,0.001204513,0.000983842,6266.072,6268.263,0.001298557
2025-07-14 15:31:00-04:00,6267.22,6270.78,6264.78,6268.07,0,1740,0,0.000118073,-6.22E-05,0.000266501,6267.134,6268.6565,0.001294513
2025-07-15 09:31:00-04:00,6299.36,6300.07,6274.46,6276.82,0,3600,0,0.001395964,0.000765304,0.002062613,6270.54,6268.5995,0.001165724
2025-07-15 10:31:00-04:00,6276.69,6276.69,6259.14,6272.93,0,3600,0,-0.000619741,0.000893522,0.00111875,6271.434,6268.413,0.001173054
2025-07-15 11:31:00-04:00,6272.98,6274.56,6261.51,6264.8,0,3600,0,-0.001296045,-0.000521692,0.001022626,6269.99,6267.4605,0.001171428
2025-07-15 12:31:00-04:00,6264.86,6266.63,6250.98,6259.93,0,3600,0,-0.000777359,-0.002690853,0.001644892,6268.51,6266.061,0.001163594
2025-07-15 13:31:00-04:00,6259.81,6269.63,6259.57,6268.41,0,3600,0,0.001354648,-0.000720556,0.000902158,6268.578,6265.297,0.001209694
2025-07-15 14:31:00-04:00,6268.29,6269.48,6251.61,6254.86,0,3600,0,-0.002161633,-0.001586643,-0.000787566,6264.186,6264.0275,0.001290773
2025-07-15 15:31:00-04:00,6254.94,6258.49,6241.68,6241.68,0,1740,0,-0.002107161,-0.002915368,-0.004272182,6257.936,6263.009,0.001213639
2025-07-16 09:31:00-04:00,6258.13,6260.33,6238.54,6249.48,0,3600,0,0.001249664,-0.003019905,-0.003593739,6254.872,6262.639,0.001242311
2025-07-16 10:31:00-04:00,6249.53,6254.35,6216.61,6225.54,0,3600,0,-0.003830719,-0.004687555,-0.006667911,6247.994,6260.8575,0.001486429
2025-07-16 11:31:00-04:00,6224.95,6244.96,6201.59,6237.92,0,3600,0,0.001988583,-0.000602402,-0.004810093,6241.896,6259.4335,0.001553025
2025-07-16 12:31:00-04:00,6237.86,6258.13,6232.94,6251.79,0,3600,0,0.002223498,0.000369631,-0.003987688,6241.282,6258.828,0.001645651
2025-07-16 13:31:00-04:00,6251.79,6255.38,6248.27,6255.38,0,3600,0,0.000574236,0.004793159,-0.002797736,6244.022,6258.301,0.001649974
2025-07-16 14:31:00-04:00,6255.37,6265.71,6254.98,6261.51,0,3600,0,0.000979956,0.003781709,-0.000525156,6246.428,6258.4565,0.001644281
2025-07-16 15:31:00-04:00,6261.57,6268.12,6260.11,6263.19,0,1740,0,0.000268306,0.001823478,0.000520773,6253.958,6259.1335,0.001610179
2025-07-17 09:31:00-04:00,6265.63,6283.54,6264,6276.48,0,3600,0,0.002121922,0.003373096,0.001287408,6261.67,6259.8195,0.001611761
2025-07-17 10:31:00-04:00,6276.39,6288.26,6271.93,6287.45,0,3600,0,0.001747795,0.004142771,0.005210348,6268.802,6261.2025,0.001645551
2025-07-17 11:31:00-04:00,6287.44,6296.12,6286.94,6288.64,0,3600,0,0.000189266,0.004063425,0.007523615,6275.454,6262.2115,0.001622624
2025-07-17 12:31:00-04:00,6288.69,6292.39,6286.33,6291.81,0,3600,0,0.000504084,0.002442452,0.006773364,6281.514,6263.201,0.001621846
2025-07-17 13:31:00-04:00,6291.84,6300.18,6291.16,6300.18,0,3600,0,0.001330301,0.002024668,0.011989321,6288.912,6264.8435,0.001627269
2025-07-17 14:31:00-04:00,6300.25,6304.69,6297.41,6301.42,0,3600,0,0.00019682,0.002032236,0.010179675,6293.9,6266.511,0.001626995
2025-07-17 15:31:00-04:00,6301.6,6303.54,6296.86,6299.31,0,1740,0,-0.000334845,0.001192026,0.007601023,6296.272,6267.6355,0.001609703
2025-07-18 09:31:00-04:00,6311.13,6314.96,6292.79,6293.91,0,3600,0,-0.000857237,-0.00099521,0.006159498,6297.326,6268.6845,0.001616774
2025-07-18 10:31:00-04:00,6293.79,6299.19,6289.57,6297.65,0,3600,0,0.000594225,-0.000598278,0.005771771,6298.494,6270.327,0.001581539
2025-07-18 11:31:00-04:00,6297.81,6302.03,6286.7,6289.45,0,3600,0,-0.001302073,-0.001565251,0.004192752,6296.348,6271.803,0.001603894
2025-07-18 12:31:00-04:00,6289.5,6293.96,6285.27,6290.95,0,3600,0,0.000238495,-0.000470296,0.002305432,6294.254,6272.93,0.001582212
2025-07-18 13:31:00-04:00,6290.96,6295.59,6287.53,6293.49,0,3600,0,0.000403755,-0.000660564,0.000960644,6293.09,6274.8615,0.001483218
2025-07-18 14:31:00-04:00,6293.51,6296.41,6290.82,6294.13,0,3600,0,0.000101692,0.000744103,0.000873003,6293.134,6277.484,0.001371903
2025-07-18 15:31:00-04:00,6293.98,6298.16,6290.57,6296.35,0,1740,0,0.00035271,0.000858376,0.000721573,6292.874,6279.8275,0.001357922
2025-07-21 09:31:00-04:00,6311.61,6334.22,6309.23,6333.46,0,3600,0,0.005893891,0.006351007,0.005282389,6301.676,6285.2235,0.001505879
2025-07-21 10:31:00-04:00,6333.41,6335.53,6327.38,6334.59,0,3600,0,0.000178417,0.006428212,0.005263893,6310.404,6290.057,0.001488828
2025-07-21 11:31:00-04:00,6334.48,6336.08,6326.57,6328.85,0,3600,0,-0.000906136,0.005161721,0.004689402,6317.476,6293.91,0.001492512
2025-07-21 12:31:00-04:00,6328.85,6335.84,6328.41,6335.18,0,3600,0,0.001000182,0.000271574,0.006557132,6325.686,6297.9,0.001494955
2025-07-21 13:31:00-04:00,6335.2,6336.04,6331.15,6332.12,0,3600,0,-0.000483017,-0.000389923,0.00547347,6332.84,6301.4305,0.001512876
2025-07-21 14:31:00-04:00,6332.09,6332.09,6312.68,6315.71,0,3600,0,-0.002591549,-0.002076207,0.004175246,6329.29,6304.0565,0.001669169
2025-07-21 15:31:00-04:00,6315.62,6317.32,6303.79,6306.45,0,1740,0,-0.001466185,-0.004534993,0.002463857,6323.662,6305.555,0.001669323
2025-07-22 09:31:00-04:00,6302.73,6312.74,6281.71,6293.04,0,3600,0,-0.002126394,-0.006171709,-7.15E-05,6316.5,6305.8345,0.001709392
2025-07-22 10:31:00-04:00,6293.12,6300.99,6292.59,6297.62,0,3600,0,0.000727788,-0.002864286,0.000554485,6308.988,6306.2835,0.001715999
2025-07-22 11:31:00-04:00,6297.72,6301.44,6291.21,6294.09,0,3600,0,-0.000560529,-0.001959898,-0.000358938,6301.382,6306.3975,0.001718425
2025-07-22 12:31:00-04:00,6293.93,6311.54,6291.28,6311.09,0,3600,0,0.002700946,0.002868248,-0.003532035,6300.458,6306.943,0.001798899
2025-07-22 13:31:00-04:00,6311.09,6311.24,6296.59,6304.94,0,3600,0,-0.000974475,0.001162344,-0.00468065,6300.156,6307.119,0.001814173
2025-07-22 14:31:00-04:00,6304.86,6315.4,6304.86,6311.82,0,3600,0,0.001091208,0.002816928,-0.002690852,6303.912,6307.7445,0.001827078
2025-07-22 15:31:00-04:00,6311.77,6316.12,6308.94,6308.94,0,1740,0,-0.000456287,-0.00034067,-0.00414195,6306.176,6308.496,0.001818191
2025-07-23 09:31:00-04:00,6328.1,6335.68,6317.49,6326.83,0,3600,0,0.002835659,0.003471881,-0.000835423,6312.724,6309.955,0.001915388
2025-07-23 10:31:00-04:00,6326.8,6329.86,6321.61,6329.22,0,3600,0,0.000377756,0.002756733,0.00213911,6316.35,6311.9435,0.001881059
2025-07-23 11:31:00-04:00,6329.22,6347.09,6325.46,6335.94,0,3600,0,0.001061742,0.004279641,0.004676165,6322.55,6314.193,0.001888247
2025-07-23 12:31:00-04:00,6335.89,6342.37,6334.55,6342.06,0,3600,0,0.000965918,0.002407209,0.007789558,6328.598,6316.6215,0.00189314
2025-07-23 13:31:00-04:00,6341.8,6356.86,6339.14,6352.06,0,3600,0,0.001576775,0.00360866,0.008644536,6337.222,6319.518,0.001910132
2025-07-23 14:31:00-04:00,6352.12,6355.12,6350.83,6353.14,0,3600,0,0.000170024,0.002714672,0.009381817,6342.484,6322.3575,0.001911108
2025-07-23 15:31:00-04:00,6353.12,6360.64,6350.29,6360.64,0,1740,0,0.001180519,0.002929647,0.007851259,6348.768,6323.7165,0.001436162
2025-07-24 09:31:00-04:00,6370.76,6374.63,6360.57,6368.87,0,3600,0,0.001293895,0.002646386,0.010139668,6355.354,6325.4305,0.001456182
2025-07-24 10:31:00-04:00,6368.94,6379.54,6367.98,6375.54,0,3600,0,0.001047282,0.003525816,0.010095345,6362.05,6327.765,0.001438483
2025-07-24 11:31:00-04:00,6375.41,6377.77,6363.57,6367.04,0,3600,0,-0.00133322,0.001006188,0.009209154,6365.046,6329.358,0.001478626
2025-07-24 12:31:00-04:00,6367.01,6379.66,6365.11,6374.87,0,3600,0,0.001229771,0.000942082,0.00759306,6369.392,6331.4955,0.001483414
2025-07-24 13:31:00-04:00,6374.9,6381.31,6371.98,6378.66,0,3600,0,0.000594522,0.00048937,0.007811389,6372.996,6334.643,0.001313669
2025-07-24 14:31:00-04:00,6378.64,6379.33,6368.27,6375.53,0,3600,0,-0.000490699,0.00133343,0.006248481,6374.328,6338.097,0.001253689
2025-07-24 15:31:00-04:00,6375.64,6375.82,6362.77,6363.74,0,1740,0,-0.001849258,-0.001745918,0.003418448,6371.968,6341.632,0.001223776
2025-07-25 09:31:00-04:00,6372.09,6376.3,6368.53,6375.57,0,3600,0,0.00185897,-0.000484428,0.003701162,6373.674,6345.5295,0.001257636
2025-07-25 10:31:00-04:00,6375.6,6381.47,6373.56,6380.58,0,3600,0,0.000785812,0.000792091,0.004319124,6374.816,6349.854,0.001227004
2025-07-25 11:31:00-04:00,6380.66,6389.23,6376.5,6388.66,0,3600,0,0.001266343,0.003915936,0.004405217,6376.816,6353.7325,0.001141825
2025-07-25 12:31:00-04:00,6388.71,6391.72,6386.29,6391.65,0,3600,0,0.000468017,0.002522127,0.003576773,6380.04,6358.068,0.001080263
2025-07-25 13:31:00-04:00,6391.69,6395.37,6389.83,6394.64,0,3600,0,0.000467798,0.002203561,0.002995825,6386.22,6362.209,0.001076876
2025-07-25 14:31:00-04:00,6394.61,6395.82,6391.82,6393.85,0,3600,0,-0.000123541,0.000812377,0.004210748,6389.876,6366.4545,0.001061301
2025-07-25 15:31:00-04:00,6393.81,6394.74,6386.24,6389.36,0,1740,0,-0.000702237,-0.00035828,0.002272988,6391.632,6369.581,0.000972309
2025-07-28 09:31:00-04:00,6399.37,6401.07,6392.03,6397.31,0,3600,0,0.001244256,0.000417537,0.002923812,6393.362,6372.9855,0.000986143
2025-07-28 10:31:00-04:00,6397.36,6399.45,6383.76,6391.01,0,3600,0,-0.000984789,-0.000444177,0.002428033,6393.234,6375.739,0.00103371
2025-07-28 11:31:00-04:00,6390.95,6396.31,6390.43,6393.38,0,3600,0,0.000370833,0.000629171,0.004657638,6392.982,6378.305,0.001026109
2025-07-28 12:31:00-04:00,6393.41,6393.87,6382.35,6384.99,0,3600,0,-0.001312295,-0.001925809,0.001477515,6391.21,6379.9515,0.001055198
2025-07-28 13:31:00-04:00,6385.13,6387.39,6375.79,6379.85,0,3600,0,-0.000805013,-0.001746203,-0.00011441,6389.308,6381.287,0.001081721
2025-07-28 14:31:00-04:00,6379.8,6382.91,6377.8,6381.03,0,3600,0,0.000184957,-0.001931686,-0.001194304,6386.052,6382.3065,0.001057359
2025-07-28 15:31:00-04:00,6381,6390.11,6378.33,6389.81,0,1740,0,0.001375953,0.000754895,-0.000287876,6385.812,6383.3535,0.001062137
2025-07-29 09:31:00-04:00,6408.37,6408.37,6392.76,6397.54,0,3600,0,0.001209739,0.002772792,0.000453505,6386.644,6384.4535,0.001069835
2025-07-29 10:31:00-04:00,6397.42,6397.85,6372.15,6375.23,0,3600,0,-0.003487278,-0.000908944,-0.002912173,6384.692,6384.863,0.001310734
2025-07-29 11:31:00-04:00,6375.14,6382.29,6367.43,6378.6,0,3600,0,0.000528608,-0.001754356,-0.00168405,6384.442,6385.0495,0.001287107
2025-07-29 12:31:00-04:00,6378.56,6385.99,6370.96,6383.52,0,3600,0,0.000771329,-0.002191467,-0.002155594,6384.94,6385.2925,0.001291787
2025-07-29 13:31:00-04:00,6383.55,6383.67,6370.11,6375.08,0,3600,0,-0.001322155,-2.35E-05,-0.002492564,6381.994,6385.27,0.001322735
2025-07-29 14:31:00-04:00,6375.1,6379.16,6371.17,6372.47,0,3600,0,-0.000409407,-0.000961026,-0.00327057,6376.98,6385.7065,0.001254359
2025-07-29 15:31:00-04:00,6372.48,6372.94,6363.92,6371.42,0,1740,0,-0.000164771,-0.001895506,-0.002125297,6376.218,6385.499,0.001181925
2025-07-30 09:31:00-04:00,6373.86,6386.79,6372.6,6385.66,0,3600,0,0.002234981,0.001659587,0.00091068,6377.63,6385.753,0.001275416
2025-07-30 10:31:00-04:00,6385.6,6387.8,6370.62,6373.96,0,3600,0,-0.00183223,0.000233818,-0.001107972,6375.718,6385.018,0.001306499
2025-07-30 11:31:00-04:00,6374.07,6387.09,6371.45,6385.5,0,3600,0,0.001810491,0.002209868,-0.000674511,6377.802,6384.7105,0.001370893
2025-07-30 12:31:00-04:00,6385.47,6386.87,6382.24,6382.89,0,3600,0,-0.000408739,-0.000433784,-0.002289943,6379.886,6384.123,0.001367568
2025-07-30 13:31:00-04:00,6382.81,6390.25,6381.01,6388.01,0,3600,0,0.000802144,0.002204281,0.002004634,6383.204,6383.831,0.001382
2025-07-30 14:31:00-04:00,6388.12,6396.54,6336.38,6344.82,0,3600,0,-0.006761104,-0.006370684,-0.005295833,6375.036,6381.604,0.002040766
2025-07-30 15:31:00-04:00,6345.01,6366.09,6337,6365.11,0,1740,0,0.003197884,-0.002785572,-0.002883989,6373.266,6379.994,0.002164011
2025-07-31 09:31:00-04:00,6405.55,6418.34,6396.97,6409.34,0,3600,0,0.006948819,0.003339068,0.00537405,6378.034,6380.9105,0.002686345
2025-07-31 10:31:00-04:00,6409.55,6411.04,6371.01,6383.5,0,3600,0,-0.004031616,0.006096312,0.001730883,6378.156,6380.4165,0.002842821
2025-07-31 11:31:00-04:00,6383.25,6402.17,6383.04,6400.34,0,3600,0,0.002638051,0.005534861,0.00453902,6380.622,6381.184,0.002889077
2025-07-31 12:31:00-04:00,6400.47,6403.32,6364.23,6364.92,0,3600,0,-0.005534081,-0.006930511,-0.003247902,6384.642,6380.4375,0.003150785
2025-07-31 13:31:00-04:00,6364.85,6376.03,6334.62,6362.49,0,3600,0,-0.00038178,-0.003291298,-0.001799509,6384.118,6379.5105,0.003150518
2025-07-31 14:31:00-04:00,6362.97,6370.29,6346.38,6351.15,0,3600,0,-0.001782321,-0.007685529,-0.005379375,6372.48,6377.5775,0.003149646
2025-07-31 15:31:00-04:00,6351.17,6356.08,6327.64,6339.31,0,1740,0,-0.001864229,-0.004023617,-0.006827628,6363.642,6374.666,0.003147165
2025-08-01 09:31:00-04:00,6273.69,6275.18,6214.43,6253.37,0,3600,0,-0.01355668,-0.017150518,-0.021076986,6334.248,6368.573,0.004265103
2025-08-01 10:31:00-04:00,6253.67,6259.54,6233.1,6234.79,0,3600,0,-0.002971198,-0.018321091,-0.017341706,6308.222,6361.3825,0.004272782
2025-08-01 11:31:00-04:00,6234.91,6268.65,6233.5,6260.4,0,3600,0,0.004107596,-0.012447727,-0.016450619,6287.804,6355.2265,0.004413752
2025-08-01 12:31:00-04:00,6260.4,6263.22,6222.84,6231.56,0,3600,0,-0.004606734,-0.003487719,-0.027737645,6263.886,6348.0505,0.004488258
2025-08-01 13:31:00-04:00,6231.66,6236.98,6212.69,6236.93,0,3600,0,0.000861742,0.000343235,-0.022960758,6243.41,6341.2735,0.00450793
2025-08-01 14:31:00-04:00,6236.97,6249.78,6228.23,6235.97,0,3600,0,-0.000153922,-0.003902307,-0.025681448,6239.93,6334.501,0.004508045
2025-08-01 15:31:00-04:00,6235.97,6251.84,6232.94,6236.45,0,1740,0,7.70E-05,0.000784715,-0.020184071,6240.262,6327.0405,0.004450381
2025-08-04 09:31:00-04:00,6280.5,6314.22,6278.63,6310.77,0,3600,0,0.011917036,0.011839158,-0.008128893,6250.336,6323.881,0.005320012
2025-08-04 10:31:00-04:00,6310.57,6315.1,6304.33,6309.32,0,3600,0,-0.000229766,0.011762404,-0.006586209,6265.888,6320.072,0.005293181
2025-08-04 11:31:00-04:00,6309.33,6320.35,6305.55,6317.75,0,3600,0,0.001336119,0.013036263,-0.003401001,6282.052,6316.815,0.005310617
2025-08-04 12:31:00-04:00,6317.79,6324.49,6316.69,6323.3,0,3600,0,0.000878477,0.001985495,0.01118277,6299.518,6313.5795,0.005311629
2025-08-04 13:31:00-04:00,6323.39,6324.05,6313.89,6319.35,0,3600,0,-0.000624674,0.001589712,0.013562606,6316.098,6312.306,0.005103823
2025-08-04 14:31:00-04:00,6319.33,6325.91,6316.89,6321.52,0,3600,0,0.00034339,0.000596731,0.009762954,6318.248,6310.1265,0.005043693
2025-08-04 15:31:00-04:00,6321.35,6330.69,6318.18,6330.07,0,1740,0,0.001352523,0.001070643,0.015808241,6322.398,6306.163,0.004766139
2025-08-05 09:31:00-04:00,6332.77,6346,6311.18,6315.84,0,3600,0,-0.002248,-0.000555437,0.012652058,6322.016,6302.78,0.004715186
2025-08-05 10:31:00-04:00,6315.24,6315.32,6289.37,6298.43,0,3600,0,-0.002756561,-0.003652603,0.010016084,6317.042,6297.6845,0.004679057
2025-08-05 11:31:00-04:00,6298.51,6315.1,6291.07,6310.53,0,3600,0,0.001921114,-0.003086854,0.011878553,6315.278,6294.965,0.00457723
2025-08-05 12:31:00-04:00,6310.84,6317.15,6297.54,6317.15,0,3600,0,0.00104904,0.000207415,0.00101097,6314.404,6292.698,0.00458901
2025-08-05 13:31:00-04:00,6317.33,6322.3,6301.91,6302.4,0,3600,0,-0.002334914,0.000630316,-0.00109679,6308.87,6290.2605,0.004599754
2025-08-05 14:31:00-04:00,6302.26,6309.8,6297.9,6308.77,0,3600,0,0.001010726,-0.000278899,-0.001421392,6307.456,6288.7335,0.00459569
2025-08-05 15:31:00-04:00,6308.63,6308.72,6297.58,6299.1,0,1740,0,-0.001532787,-0.002857301,-0.003827116,6307.59,6291.02,0.003388747
2025-08-06 09:31:00-04:00,6305.84,6324.45,6301.11,6306.46,0,3600,0,0.001168421,0.000644199,-0.002039767,6306.776,6294.6035,0.003299179
2025-08-06 10:31:00-04:00,6306.34,6341.18,6303.84,6341.18,0,3600,0,0.005505466,0.005137293,0.003110012,6311.582,6298.6425,0.003391434
2025-08-06 11:31:00-04:00,6341.39,6348.33,6331.78,6341.15,0,3600,0,-4.73E-06,0.006675557,0.001750376,6319.332,6304.122,0.003164787
2025-08-06 12:31:00-04:00,6341.1,6348.15,6337.83,6341.87,0,3600,0,0.000113544,0.005614877,0.004121384,6325.952,6309.369,0.003169393
2025-08-06 13:31:00-04:00,6341.87,6349.49,6338.99,6348.09,0,3600,0,0.000980783,0.001089703,0.007884505,6335.75,6314.975,0.003160821
2025-08-06 14:31:00-04:00,6348.16,6350.75,6344.41,6349.36,0,3600,0,0.00020006,0.001294718,0.006153207,6344.33,6320.6205,0.003159261
2025-08-06 15:31:00-04:00,6349.32,6352.83,6343.18,6345.25,0,1740,0,-0.000647309,0.000532966,0.004448208,6345.144,6322.3445,0.001818335
2025-08-07 09:31:00-04:00,6376.89,6389.71,6350.73,6352.72,0,3600,0,0.001177259,0.000729353,0.00798426,6347.458,6324.5145,0.001825024
2025-08-07 10:31:00-04:00,6352.52,6361.73,6337.15,6342.76,0,3600,0,-0.001567832,-0.001039475,0.005387738,6347.636,6325.765,0.001857205
2025-08-07 11:31:00-04:00,6342.86,6344.86,6331.68,6343.06,0,3600,0,4.73E-05,-0.00034514,0.006978775,6346.63,6326.753,0.001850492
2025-08-07 12:31:00-04:00,6343.04,6344.66,6318.92,6319,0,3600,0,-0.003793122,-0.005307963,0.001988437,6340.558,6326.7355,0.002046263
2025-08-07 13:31:00-04:00,6318.94,6329.44,6310.32,6313.83,0,3600,0,-0.000818167,-0.004561106,-0.004313077,6334.274,6326.351,0.002052455
2025-08-07 14:31:00-04:00,6314.14,6327.41,6313.94,6324.84,0,3600,0,0.001743791,-0.002872431,-0.002572089,6328.698,6326.0895,0.002068418
2025-08-07 15:31:00-04:00,6324.67,6341.56,6324.6,6341.56,0,1740,0,0.002643545,0.003570185,-4.89E-05,6328.458,6327.3755,0.002082656
2025-08-08 09:31:00-04:00,6361.75,6386.43,6356.76,6385.05,0,3600,0,0.006857934,0.01128,0.005822224,6336.856,6331.7065,0.002441688
2025-08-08 10:31:00-04:00,6385.13,6388.95,6374.93,6375.9,0,3600,0,-0.001433035,0.008072931,0.004179949,6348.236,6334.975,0.002467444
2025-08-08 11:31:00-04:00,6375.86,6391.33,6367.96,6387.37,0,3600,0,0.001798962,0.007223775,0.006638036,6362.944,6338.486,0.002481591
2025-08-08 12:31:00-04:00,6387.29,6390.15,6380.07,6384.63,0,3600,0,-0.000428972,-6.58E-05,0.005023045,6374.902,6342.5975,0.002399995
2025-08-08 13:31:00-04:00,6384.47,6395.16,6384.24,6391.41,0,3600,0,0.001061925,0.002432598,0.007670163,6384.872,6346.7295,0.002400426
2025-08-08 14:31:00-04:00,6391.47,6394.49,6389.11,6389.67,0,3600,0,-0.00027224,0.000360086,0.007348188,6385.796,6351.258,0.002356136
2025-08-08 15:31:00-04:00,6389.53,6390.76,6379.4,6389.97,0,1740,0,4.70E-05,0.000836384,0.011231207,6388.61,6355.4335,0.002358163
2025-08-11 09:31:00-04:00,6390.04,6397.94,6385.89,6390.59,0,3600,0,9.70E-05,-0.000128297,0.012157439,6389.254,6357.904,0.002065253
2025-08-11 10:31:00-04:00,6390.78,6392.22,6383.79,6388.16,0,3600,0,-0.000380247,-0.000236319,0.01001132,6389.96,6360.2545,0.002070732
2025-08-11 11:31:00-04:00,6388.37,6407.25,6385.95,6403.24,0,3600,0,0.002360617,0.002076692,0.009726313,6392.326,6363.323,0.002116461
2025-08-11 12:31:00-04:00,6403.27,6403.85,6387.85,6391.55,0,3600,0,-0.001825638,0.000150221,0.001018003,6392.702,6365.496,0.002174024
2025-08-11 13:31:00-04:00,6391.3,6391.88,6381.27,6385.08,0,3600,0,-0.001012274,-0.000482142,0.001439797,6391.724,6367.282,0.002195032
2025-08-11 14:31:00-04:00,6385,6386.3,6374.31,6380.11,0,3600,0,-0.000778377,-0.003612234,-0.001136618,6389.628,6369.025,0.002198148
2025-08-11 15:31:00-04:00,6380.08,6380.61,6364.06,6374.32,0,1740,0,-0.000907508,-0.002695747,-0.001614816,6386.86,6370.105,0.0022026
2025-08-12 09:31:00-04:00,6401.84,6416.46,6385.76,6411.69,0,3600,0,0.005862586,0.004167528,0.003173009,6388.55,6373.5515,0.002500234
2025-08-12 10:31:00-04:00,6411.71,6428.75,6406.73,6421.08,0,3600,0,0.001464512,0.006421519,0.004915747,6394.456,6377.4525,0.002505506
2025-08-12 11:31:00-04:00,6421.11,6433.03,6420.9,6433.02,0,3600,0,0.0018595,0.009208825,0.006737121,6404.044,6383.1535,0.002291861
2025-08-12 12:31:00-04:00,6433.09,6438.14,6432.25,6432.66,0,3600,0,-5.60E-05,0.003270589,0.006583117,6414.554,6389.095,0.002268052
2025-08-12 13:31:00-04:00,6432.69,6444.25,6432.69,6439.93,0,3600,0,0.00113017,0.002935643,0.008104055,6427.676,6394.8495,0.002260676
2025-08-12 14:31:00-04:00,6439.87,6442.37,6438.12,6441.97,0,3600,0,0.000316774,0.001391259,0.0060485,6433.732,6399.87,0.002226075
2025-08-12 15:31:00-04:00,6441.84,6446.55,6437.32,6445.68,0,1740,0,0.000575911,0.002024046,0.008468994,6438.652,6402.9015,0.001707294
2025-08-13 09:31:00-04:00,6464.47,6480.28,6458.34,6460.64,0,3600,0,0.002320934,0.003215873,0.011833838,6444.176,6407.1385,0.001692891
2025-08-13 10:31:00-04:00,6460.81,6461.77,6447.99,6454.24,0,3600,0,-0.000990614,0.001904697,0.011618922,6448.492,6410.482,0.001709102
2025-08-13 11:31:00-04:00,6454.19,6460.19,6447.83,6450.24,0,3600,0,-0.000619748,0.000707451,0.01191029,6450.554,6413.7625,0.001715212
2025-08-13 12:31:00-04:00,6450.19,6454.96,6445.02,6453.85,0,3600,0,0.000559669,-0.001050979,0.006575489,6452.93,6416.8845,0.001710418
2025-08-13 13:31:00-04:00,6453.83,6460.05,6445.99,6458.06,0,3600,0,0.000652324,0.000591859,0.005759156,6455.406,6420.304,0.00170127
2025-08-13 14:31:00-04:00,6458.09,6464.66,6449.83,6460.12,0,3600,0,0.000318981,0.001531726,0.00421264,6455.302,6423.8115,0.001698258
2025-08-13 15:31:00-04:00,6460.16,6468.23,6457.01,6466.4,0,1740,0,0.000972118,0.001944576,0.005245109,6457.734,6427.602,0.001697315
2025-08-14 09:31:00-04:00,6444.89,6463.91,6441.07,6463,0,3600,0,-0.000525795,0.000764936,0.003582337,6460.286,6431.344,0.001702005
2025-08-14 10:31:00-04:00,6462.92,6473.92,6448.08,6452.44,0,3600,0,-0.001633916,-0.001188832,0.001625279,6460.004,6433.804,0.001716849
2025-08-14 11:31:00-04:00,6452.62,6459.65,6444.98,6449.58,0,3600,0,-0.000443243,-0.002601138,0.000605056,6458.308,6436.7055,0.001649715
2025-08-14 12:31:00-04:00,6449.52,6468.14,6447.98,6467.35,0,3600,0,0.002755218,0.000673062,0.001038597,6459.754,6440.819,0.001688207
2025-08-14 13:31:00-04:00,6467.24,6467.66,6456.76,6458.07,0,3600,0,-0.0014349,0.000872538,0.000593408,6458.088,6444.717,0.001723291
2025-08-14 14:31:00-04:00,6458.02,6472.07,6457.34,6466.27,0,3600,0,0.001269729,0.002587765,0.002485179,6458.742,6449.3145,0.001690925
2025-08-14 15:31:00-04:00,6466.24,6473.56,6465.79,6467.73,0,1740,0,0.000225787,5.88E-05,0.002150654,6461.8,6452.1165,0.001181188
2025-08-15 09:31:00-04:00,6472.75,6475.6,6451.38,6459.01,0,3600,0,-0.001348232,0.000145554,0.000147103,6463.686,6454.013,0.001219108
2025-08-15 10:31:00-04:00,6458.95,6459.54,6448.97,6452.36,0,3600,0,-0.00102957,-0.002151163,-0.001201216,6460.688,6454.98,0.001194926
2025-08-15 11:31:00-04:00,6452.48,6457.66,6441.85,6450.06,0,3600,0,-0.000356459,-0.002732025,-0.002526908,6459.086,6455.85,0.001199542
2025-08-15 12:31:00-04:00,6449.96,6459.07,6449.28,6458.94,0,3600,0,0.001376731,-1.08E-05,-0.000628191,6457.62,6456.8005,0.001211507
2025-08-15 13:31:00-04:00,6458.96,6464.79,6456.36,6461.69,0,3600,0,0.000425766,0.001445983,0.001433566,6456.412,6457.7865,0.001212551
2025-08-15 14:31:00-04:00,6461.69,6462.62,6450.33,6453.91,0,3600,0,-0.001204019,0.000596894,0.000671362,6455.392,6458.198,0.001244809
2025-08-15 15:31:00-04:00,6453.87,6456.89,6447.5,6449.68,0,1740,0,-0.000655417,-0.001433672,-0.002732186,6454.856,6457.65,0.001133823
2025-08-18 09:31:00-04:00,6447.4,6455.35,6441.78,6444.78,0,3600,0,-0.000759728,-0.002616962,-0.00205789,6453.8,6457.177,0.001125252
2025-08-18 10:31:00-04:00,6444.88,6450.56,6439.68,6442.68,0,3600,0,-0.000325845,-0.00174003,-0.003648162,6450.548,6456.799,0.001119638
2025-08-18 11:31:00-04:00,6442.6,6449.09,6441.31,6448.83,0,3600,0,0.000954572,-0.000131789,-0.0029222,6447.976,6456.548,0.001134488
2025-08-18 12:31:00-04:00,6449.08,6449.52,6437.7,6449.51,0,3600,0,0.000105445,0.000733927,-0.001470814,6447.096,6456.1205,0.001123504
2025-08-18 13:31:00-04:00,6449.53,6453.58,6440.58,6443.77,0,3600,0,-0.00088999,0.000169184,-0.001331296,6445.914,6455.303,0.001134193
2025-08-18 14:31:00-04:00,6443.76,6451.1,6443.29,6447.35,0,3600,0,0.000555575,-0.000229499,-0.000420151,6446.428,6454.3505,0.001116654
2025-08-18 15:31:00-04:00,6447.32,6454.11,6447.01,6448.79,0,1740,0,0.000223348,-0.000111636,-0.001571465,6447.65,6453.64,0.001115841
2025-08-19 09:31:00-04:00,6446.51,6456.48,6435.47,6444.77,0,3600,0,-0.000623373,0.000155189,-0.00261851,6446.838,6453.2565,0.001064894
2025-08-19 10:31:00-04:00,6444.74,6450.27,6420.66,6430.9,0,3600,0,-0.002152133,-0.002551436,-0.003565281,6443.116,6452.3225,0.001161527
2025-08-19 11:31:00-04:00,6430.95,6434.09,6416.23,6418.62,0,3600,0,-0.001909531,-0.004678397,-0.004815743,6438.086,6449.886,0.00100666
2025-08-19 12:31:00-04:00,6418.65,6420.66,6403.39,6412.74,0,3600,0,-0.000916085,-0.004969921,-0.004971465,6431.164,6447.6195,0.000984419
2025-08-19 13:31:00-04:00,6412.59,6416.23,6404.23,6405.53,0,3600,0,-0.001124324,-0.003945015,-0.005766234,6422.512,6444.5825,0.000920355
2025-08-19 14:31:00-04:00,6405.58,6408.76,6400.22,6408.76,0,3600,0,0.000504252,-0.001536156,-0.00621353,6415.31,6441.634,0.00093347
2025-08-19 15:31:00-04:00,6408.77,6413.47,6402.57,6411.53,0,1740,0,0.000432221,-0.000188687,-0.005888819,6411.436,6439.26,0.000928935
2025-08-20 09:31:00-04:00,6403.18,6404.2,6350.48,6352.21,0,3600,0,-0.009252082,-0.008324057,-0.014209073,6398.154,6434.2525,0.002194457
2025-08-20 10:31:00-04:00,6352.09,6379.05,6343.86,6376.49,0,3600,0,0.003822292,-0.005035295,-0.010990562,6390.904,6430.574,0.002423808
2025-08-20 11:31:00-04:00,6376.63,6389.34,6362.16,6387.19,0,3600,0,0.001678039,-0.003796286,-0.00955218,6387.236,6426.9865,0.002437447
2025-08-20 12:31:00-04:00,6387.21,6387.41,6374.57,6382.27,0,3600,0,-0.000770292,0.004732211,-0.009697786,6381.938,6423.0155,0.002426752
2025-08-20 13:31:00-04:00,6382.3,6394.28,6367.78,6373.08,0,3600,0,-0.001439927,-0.000534777,-0.008990965,6374.248,6418.974,0.002430335
2025-08-20 14:31:00-04:00,6373.21,6403.36,6372.96,6397.85,0,3600,0,0.003886661,0.001668966,-0.003235898,6383.376,6416.3825,0.002631451
2025-08-20 15:31:00-04:00,6397.74,6405.1,6393.49,6394.97,0,1740,0,-0.000450151,0.001989888,-0.002771046,6387.072,6413.892,0.002630134
2025-08-21 09:31:00-04:00,6366.97,6393.65,6357.79,6389.63,0,3600,0,-0.000835031,0.002596861,-0.00248223,6387.56,6411.2395,0.002632
2025-08-21 10:31:00-04:00,6389.47,6390.18,6367.67,6383.27,0,3600,0,-0.000995363,-0.002278891,-0.003977368,6387.76,6407.9615,0.002614851
2025-08-21 11:31:00-04:00,6383.16,6389.67,6364.06,6370.06,0,3600,0,-0.002069472,-0.003895249,-0.006468035,6387.156,6403.989,0.002633178
2025-08-21 12:31:00-04:00,6370.1,6373.4,6352.71,6358.45,0,3600,0,-0.001822589,-0.004879782,0.000982335,6379.276,6399.723,0.002646504
2025-08-21 13:31:00-04:00,6358.43,6375.65,6358.34,6367.44,0,3600,0,0.001413867,-0.00247992,-0.001419276,6373.77,6395.7275,0.002674117
2025-08-21 14:31:00-04:00,6367.5,6379.03,6366.39,6373.4,0,3600,0,0.000936012,0.000524328,-0.002159009,6370.524,6391.958,0.002690643
2025-08-21 15:31:00-04:00,6373.48,6373.48,6365.55,6370.08,0,1740,0,-0.000520915,0.001829062,-0.001909979,6367.886,6388.2235,0.002690662
2025-08-22 09:31:00-04:00,6384.95,6469.61,6384.95,6460.39,0,3600,0,0.014177216,0.014597703,0.013699812,6385.952,6389.698,0.004227104
2025-08-22 10:31:00-04:00,6460.7,6477.08,6458.65,6476.67,0,3600,0,0.002519972,0.016203282,0.012319764,6409.596,6392.6005,0.004224746
2025-08-22 11:31:00-04:00,6476.73,6478.89,6461.53,6463.97,0,3600,0,-0.001960884,0.014739218,0.01078973,6428.902,6395.162,0.00424903
2025-08-22 12:31:00-04:00,6464.08,6477.01,6457.33,6475.93,0,3600,0,0.001850256,0.002405428,0.013506259,6449.408,6398.682,0.004244685
2025-08-22 13:31:00-04:00,6475.94,6477.98,6467.39,6469.39,0,3600,0,-0.001009894,-0.001124034,0.013491518,6469.27,6401.7135,0.00425912
2025-08-22 14:31:00-04:00,6469.37,6472.57,6464.47,6465.83,0,3600,0,-0.000550284,0.000287749,0.015034395,6470.358,6404.4285,0.004265355
2025-08-22 15:31:00-04:00,6465.76,6468.62,6457.16,6466.55,0,1740,0,0.000111355,-0.001448441,0.017000999,6468.334,6410.1455,0.00361022
2025-08-25 09:31:00-04:00,6453.83,6461.17,6448.04,6454.11,0,3600,0,-0.001923746,-0.002361892,0.013611436,6466.362,6414.0265,0.0035939
2025-08-25 10:31:00-04:00,6454.08,6464.77,6451.68,6462.74,0,3600,0,0.001337132,-0.000477897,0.014017636,6463.724,6417.804,0.003589379
2025-08-25 11:31:00-04:00,6462.76,6465.39,6459.25,6463.69,0,3600,0,0.000146996,-0.000442276,0.014695263,6462.584,6421.875,0.003576865
2025-08-25 12:31:00-04:00,6463.69,6466.89,6458.3,6461.55,0,3600,0,-0.00033108,0.001152754,0.000179556,6461.728,6426.2985,0.003551431
2025-08-25 13:31:00-04:00,6461.57,6461.57,6454.11,6455.14,0,3600,0,-0.000992022,-0.001175972,-0.003324239,6459.446,6429.163,0.003487683
2025-08-25 14:31:00-04:00,6455.23,6456.89,6450.37,6450.91,0,3600,0,-0.000655292,-0.001977199,-0.00202043,6458.806,6431.96,0.003490775
2025-08-25 15:31:00-04:00,6450.93,6452.12,6438.06,6438.85,0,1740,0,-0.001869504,-0.003513089,-0.005725819,6454.028,6434.421,0.003518238
2025-08-26 09:31:00-04:00,6433.28,6446.95,6429.21,6444.83,0,3600,0,0.000928737,-0.001597177,-0.003796339,6450.256,6437.499,0.003504655
2025-08-26 10:31:00-04:00,6444.91,6445.49,6437.41,6438.35,0,3600,0,-0.001005457,-0.001947012,-0.004250034,6445.616,6440.9135,0.003471746
2025-08-26 11:31:00-04:00,6438.36,6448.9,6436.71,6447.59,0,3600,0,0.00143515,0.001357385,-0.002932012,6444.106,6445.3705,0.003431301
2025-08-26 12:31:00-04:00,6447.53,6449.06,6442.71,6447.57,0,3600,0,-3.10E-06,0.000425147,-0.001013308,6443.438,6449.377,0.003430455
2025-08-26 13:31:00-04:00,6447.29,6450.55,6438.32,6450.2,0,3600,0,0.000407906,0.001840534,-0.001940353,6445.708,6453.217,0.003430016
2025-08-26 14:31:00-04:00,6450.24,6460.17,6448.94,6459.26,0,3600,0,0.001404608,0.001809979,-0.000685367,6448.594,6457.676,0.003423779
2025-08-26 15:31:00-04:00,6459.27,6468.37,6452.49,6465.91,0,1740,0,0.00102953,0.002844482,0.000674761,6454.106,6457.952,0.001309417
2025-08-27 09:31:00-04:00,6458.12,6477.24,6458.03,6476.27,0,3600,0,0.001602249,0.004041735,0.00327336,6459.842,6457.932,0.001231849
2025-08-27 10:31:00-04:00,6476.3,6479.33,6471.91,6477.34,0,3600,0,0.000165219,0.002799082,0.004097096,6465.796,6458.6005,0.001142433
2025-08-27 11:31:00-04:00,6477.43,6480.69,6468.76,6473.19,0,3600,0,-0.000640695,0.001125905,0.005333251,6470.394,6458.4635,0.001075872
2025-08-27 12:31:00-04:00,6473.13,6479.2,6468.09,6478.69,0,3600,0,0.000849658,0.000373672,0.005253824,6474.28,6458.9285,0.001066186
2025-08-27 13:31:00-04:00,6478.69,6487.03,6478.69,6486.1,0,3600,0,0.00114375,0.001352407,0.007416496,6478.318,6459.942,0.001081299
2025-08-27 14:31:00-04:00,6486.15,6486.42,6472.62,6481,0,3600,0,-0.000786297,0.001206515,0.005181781,6479.264,6460.6645,0.001101734
2025-08-27 15:31:00-04:00,6480.97,6487.06,6480.79,6480.84,0,1740,0,-2.47E-05,0.000331857,0.005160084,6479.964,6462.001,0.000993556
2025-08-28 09:31:00-04:00,6494.12,6495.44,6466.96,6474.01,0,3600,0,-0.001053876,-0.001863986,0.003691358,6480.128,6462.5645,0.000994282
2025-08-28 10:31:00-04:00,6474.16,6490.03,6473.77,6479.81,0,3600,0,0.00089589,-0.000183614,0.003181479,6480.352,6463.3705,0.001010605
2025-08-28 11:31:00-04:00,6479.7,6496.19,6479.48,6492.64,0,3600,0,0.001979996,0.001820752,0.004133989,6481.66,6464.925,0.001085088
2025-08-28 12:31:00-04:00,6492.76,6497.35,6488.63,6495.98,0,3600,0,0.000514429,0.003393569,0.003043419,6484.656,6466.967,0.001046626
2025-08-28 13:31:00-04:00,6495.89,6501.45,6495.03,6500.97,0,3600,0,0.000768167,0.003265528,0.003648102,6488.682,6469.47,0.001025288
2025-08-28 14:31:00-04:00,6501.02,6505.89,6500.7,6502.16,0,3600,0,0.00018305,0.001466276,0.004475382,6494.312,6472.6355,0.000879949
2025-08-28 15:31:00-04:00,6502.14,6508.23,6501.02,6501.02,0,1740,0,-0.000175326,0.000775864,0.003446684,6498.554,6475.445,0.000885571
2025-08-29 09:31:00-04:00,6487.05,6489.76,6449.52,6459.22,0,3600,0,-0.00642976,-0.006422119,-0.004144247,6491.87,6476.4885,0.001754303
2025-08-29 10:31:00-04:00,6459.33,6463.37,6444.57,6454.94,0,3600,0,-0.000662619,-0.007262202,-0.004020984,6483.662,6476.856,0.001736883
2025-08-29 11:31:00-04:00,6455.3,6460.37,6450.28,6456.75,0,3600,0,0.000280405,-0.006809701,-0.003717111,6474.818,6477.315,0.001737511
2025-08-29 12:31:00-04:00,6456.73,6462.87,6447.81,6455.01,0,3600,0,-0.000269485,-0.000651781,-0.002934812,6465.388,6477.5555,0.001737233
2025-08-29 13:31:00-04:00,6454.99,6462.71,6451.34,6457.5,0,3600,0,0.000385747,0.000396595,-0.003443002,6456.684,6477.4675,0.001709793
2025-08-29 14:31:00-04:00,6457.54,6462.62,6454.8,6460.11,0,3600,0,0.000404181,0.000520386,-0.005010289,6456.862,6477.1775,0.001695396
2025-08-29 15:31:00-04:00,6460.13,6463.88,6450.45,6460.82,0,1740,0,0.000109905,0.000900076,-0.005412578,6458.038,6476.405,0.001651422
2025-09-02 09:31:00-04:00,6373.72,6412.01,6369.57,6402.99,0,3600,0,-0.008950876,-0.008441347,-0.015071597,6447.286,6472.6875,0.002571083
2025-09-02 10:31:00-04:00,6403.25,6406.96,6372.97,6374.95,0,3600,0,-0.004379204,-0.013182438,-0.019564268,6431.274,6467.7755,0.002708425
2025-09-02 11:31:00-04:00,6374.99,6375.7,6360.58,6369.6,0,3600,0,-0.000839222,-0.014118951,-0.020215289,6413.694,6462.321,0.002681767
2025-09-02 12:31:00-04:00,6369.65,6389.98,6367.98,6389.91,0,3600,0,0.003188583,-0.002042796,-0.010730398,6399.654,6457.5115,0.002798048
2025-09-02 13:31:00-04:00,6389.88,6401.5,6388.11,6390.51,0,3600,0,9.39E-05,0.002440803,-0.009981503,6385.592,6452.987,0.002804247
2025-09-02 14:31:00-04:00,6390.62,6404.12,6385.1,6403.61,0,3600,0,0.002049915,0.005339425,-0.008230147,6385.716,6449.1255,0.002868147
2025-09-02 15:31:00-04:00,6403.65,6416.54,6402.47,6414.63,0,1740,0,0.001720904,0.003868599,-0.006255606,6393.652,6446.1565,0.00291158
2025-09-03 09:31:00-04:00,6439.42,6444.83,6428.1,6439.22,0,3600,0,0.003833425,0.00762224,-0.002830817,6407.576,6444.127,0.003054006
2025-09-03 10:31:00-04:00,6439.27,6453.67,6435.02,6436.33,0,3600,0,-0.000448812,0.005109618,-0.003681052,6416.86,6441.3115,0.00300608
2025-09-03 11:31:00-04:00,6436.06,6442.56,6432.09,6435.39,0,3600,0,-0.000146046,0.003236352,-0.003936033,6425.836,6438.282,0.002998765
2025-09-03 12:31:00-04:00,6435.38,6439.79,6426.06,6434.75,0,3600,0,-9.95E-05,-0.000694183,0.004960183,6432.064,6434.971,0.002986249
2025-09-03 13:31:00-04:00,6434.69,6435.36,6417.19,6421.42,0,3600,0,-0.002071565,-0.002316538,0.007289469,6433.422,6430.934,0.003001325
2025-09-03 14:31:00-04:00,6421.25,6423.85,6416.17,6423.81,0,3600,0,0.000372192,-0.001799425,0.008510739,6430.34,6427.0735,0.003008086
2025-09-03 15:31:00-04:00,6423.69,6448.04,6423.31,6448.04,0,1740,0,0.003771905,0.002065348,0.009097155,6432.682,6426.5145,0.002825651
2025-09-04 09:31:00-04:00,6455.64,6464.28,6445.98,6461.72,0,3600,0,0.002121575,0.00627587,0.011143086,6437.948,6426.8535,0.002863908
2025-09-04 10:31:00-04:00,6461.52,6475.54,6460.89,6471.9,0,3600,0,0.001575432,0.007486211,0.010664297,6445.378,6427.611,0.00288381
2025-09-04 11:31:00-04:00,6471.92,6476.75,6469.34,6472.05,0,3600,0,2.32E-05,0.003723612,0.008951413,6455.504,6428.463,0.002882465
2025-09-04 12:31:00-04:00,6472.14,6480.39,6469.48,6478.15,0,3600,0,0.000942514,0.002542667,0.006045763,6466.372,6429.4955,0.00288769
2025-09-04 13:31:00-04:00,6478.23,6487.05,6477.18,6483.16,0,3600,0,0.000773369,0.001739829,0.007275885,6473.396,6430.648,0.002890488
2025-09-04 14:31:00-04:00,6483.24,6493.27,6483.24,6489.91,0,3600,0,0.001041159,0.002759558,0.008471903,6479.034,6432.1025,0.002896758
2025-09-04 15:31:00-04:00,6490.02,6502.54,6489.53,6501.74,0,1740,0,0.00182283,0.003641472,0.010410661,6485.002,6437.04,0.001945401
2025-09-05 09:31:00-04:00,6527.18,6532.65,6471.69,6474.86,0,3600,0,-0.004134278,-0.00128024,0.008322147,6485.564,6442.0355,0.001911779
2025-09-05 10:31:00-04:00,6474.38,6476.98,6443.98,6471.46,0,3600,0,-0.000525108,-0.002842875,0.007417716,6484.226,6447.1285,0.001899028
2025-09-05 11:31:00-04:00,6471.25,6479.7,6464.18,6468.38,0,3600,0,-0.000475936,-0.005130934,0.003154447,6481.27,6451.052,0.001831544
2025-09-05 12:31:00-04:00,6468.14,6475.86,6463.37,6470.26,0,3600,0,0.000290645,-0.00071044,0.00132163,6477.34,6455.0395,0.001829141
2025-09-05 13:31:00-04:00,6470.21,6470.72,6457.25,6469.37,0,3600,0,-0.000137552,-0.000322956,-0.000390921,6470.866,6458.3275,0.001804492
2025-09-05 14:31:00-04:00,6469.41,6484.25,6468.35,6480.66,0,3600,0,0.001745147,0.001898466,0.001330336,6472.026,6461.629,0.001805354
2025-09-05 15:31:00-04:00,6480.52,6482.16,6472.42,6481.56,0,1740,0,0.000138875,0.001746452,0.000526385,6474.046,6463.746,0.001628115
2025-09-08 09:31:00-04:00,6492.72,6501.68,6487.73,6500.4,0,3600,0,0.002906708,0.004796448,0.002659197,6480.45,6466.9495,0.001714352
2025-09-08 10:31:00-04:00,6500.37,6508.18,6497.37,6507.91,0,3600,0,0.001155314,0.004204819,0.002773536,6487.98,6470.5755,0.001713365
2025-09-08 11:31:00-04:00,6507.92,6508.67,6494.47,6496.97,0,3600,0,-0.001681031,0.002377514,-0.00073365,6493.5,6473.6865,0.00178067
2025-09-08 12:31:00-04:00,6497.05,6497.53,6488.63,6496.07,0,3600,0,-0.000138526,-0.000666113,0.003275747,6496.582,6477.419,0.001684597
2025-09-08 13:31:00-04:00,6496.05,6496.53,6483.29,6493.81,0,3600,0,-0.000347903,-0.002166594,0.003453626,6499.032,6480.919,0.001696909
2025-09-08 14:31:00-04:00,6493.77,6495.61,6484.18,6487.04,0,3600,0,-0.001042531,-0.001528405,0.002884803,6496.36,6482.869,0.001549935
2025-09-08 15:31:00-04:00,6487.14,6496.84,6484.84,6496.1,0,1740,0,0.001396631,4.62E-06,0.003993657,6493.998,6484.588,0.001513201
2025-09-09 09:31:00-04:00,6498.26,6507.1,6494.64,6496.85,0,3600,0,0.000115454,0.000468138,0.004247709,6493.974,6485.8355,0.001481616
2025-09-09 10:31:00-04:00,6496.92,6498.14,6483.08,6496.56,0,3600,0,-4.46E-05,0.001467541,0.002453454,6494.072,6487.061,0.001482104
2025-09-09 11:31:00-04:00,6496.71,6501.03,6490.59,6498.06,0,3600,0,0.000230891,0.000301719,0.002545683,6494.922,6488.0565,0.001471593
2025-09-09 12:31:00-04:00,6498.06,6508.05,6498.01,6506.4,0,3600,0,0.00128346,0.001469943,0.00092302,6498.794,6489.2185,0.001487221
2025-09-09 13:31:00-04:00,6506.46,6509.8,6504.68,6508.4,0,3600,0,0.00030739,0.001822503,7.53E-05,6501.254,6490.143,0.001473849
2025-09-09 14:31:00-04:00,6508.39,6511.32,6505.37,6511,0,3600,0,0.000399484,0.001991364,0.002159468,6504.084,6490.606,0.001421932
2025-09-09 15:31:00-04:00,6510.84,6518.23,6506.71,6512.66,0,1740,0,0.000254953,0.00096213,0.002553852,6507.304,6492.496,0.001020635
2025-09-10 09:31:00-04:00,6536.61,6555.97,6536.61,6549.37,0,3600,0,0.005636714,0.006294942,0.00855584,6517.566,6496.3915,0.00155254
2025-09-10 10:31:00-04:00,6549.43,6550.46,6534.27,6536.13,0,3600,0,-0.002021568,0.003859622,0.007567396,6523.512,6499.779,0.001644637
2025-09-10 11:31:00-04:00,6536.2,6546.3,6533.56,6537.87,0,3600,0,0.000266213,0.003870922,0.006430012,6529.406,6503.1595,0.001644827
2025-09-10 12:31:00-04:00,6537.88,6544.58,6531.4,6531.99,0,3600,0,-0.000899375,-0.00265369,0.005408775,6533.604,6506.2905,0.001669521
2025-09-10 13:31:00-04:00,6531.95,6537.18,6523.75,6526.39,0,3600,0,-0.000857319,-0.001490178,0.004591661,6536.35,6508.577,0.001667395
2025-09-10 14:31:00-04:00,6526.39,6531.15,6516.34,6520.09,0,3600,0,-0.000965312,-0.00271954,0.003390243,6530.494,6510.5035,0.001692941
2025-09-10 15:31:00-04:00,6520.18,6536.69,6517.13,6531.71,0,1740,0,0.001782184,-4.29E-05,0.003890016,6529.61,6512.069,0.001618782
2025-09-11 09:31:00-04:00,6551.27,6572.09,6545.8,6570.27,0,3600,0,0.005903508,0.006723472,0.009506177,6536.09,6515.187,0.002050474
2025-09-11 10:31:00-04:00,6570.47,6585.83,6569.64,6585.73,0,3600,0,0.002353024,0.010067346,0.0114775,6546.838,6519.625,0.002025073
2025-09-11 11:31:00-04:00,6585.58,6587.08,6576.85,6583.45,0,3600,0,-0.000346203,0.007921356,0.010869599,6558.25,6523.994,0.002030021
2025-09-11 12:31:00-04:00,6583.44,6585.19,6578.51,6583.23,0,3600,0,-3.34E-05,0.001972522,0.005169963,6570.878,6528.465,0.002022925
2025-09-11 13:31:00-04:00,6583.21,6586.17,6580.09,6583.2,0,3600,0,-4.56E-06,-0.000384164,0.007201509,6581.176,6533.273,0.00198928
2025-09-11 14:31:00-04:00,6583.13,6588.84,6581.59,6588.73,0,3600,0,0.000840017,0.000802011,0.007779292,6584.868,6537.9045,0.001983464
2025-09-11 15:31:00-04:00,6588.75,6592.89,6585.46,6586.74,0,1740,0,-0.000302031,0.000533173,0.008381825,6585.07,6542.399,0.001992229
2025-09-12 09:31:00-04:00,6584.31,6591.73,6580.48,6587.95,0,3600,0,0.000183702,0.000721534,0.009432473,6585.97,6546.9685,0.001988453
2025-09-12 10:31:00-04:00,6588.05,6594.22,6584.85,6584.99,0,3600,0,-0.000449305,-0.000567636,0.00995385,6586.322,6551.315,0.002002675
2025-09-12 11:31:00-04:00,6585.54,6591.08,6582.13,6590.59,0,3600,0,0.000850419,0.000584508,0.009014485,6587.8,6555.5245,0.00199799
2025-09-12 12:31:00-04:00,6590.53,6592.45,6586.53,6591.11,0,3600,0,7.89E-05,0.000479664,0.003171864,6588.276,6559.66,0.002000673
2025-09-12 13:31:00-04:00,6591.13,6594.95,6588.51,6594.64,0,3600,0,0.00053557,0.001465454,0.001352925,6589.856,6563.842,0.002000067
2025-09-12 14:31:00-04:00,6594.65,6600.21,6590.57,6590.58,0,3600,0,-0.000615651,-1.52E-06,0.001083019,6590.382,6567.738,0.002018286
2025-09-12 15:31:00-04:00,6590.43,6593.46,6579.49,6584,0,1740,0,-0.000998395,-0.001078726,0.000116964,6590.184,6569.4695,0.001659715
2025-09-15 09:31:00-04:00,6608.55,6617.01,6602.49,6616.05,0,3600,0,0.004867861,0.003246576,0.004989974,6595.276,6573.4655,0.001862693
2025-09-15 10:31:00-04:00,6615.86,6619.62,6611.51,6612.31,0,3600,0,-0.000565292,0.00329713,0.003578838,6599.516,6577.1875,0.001879958
2025-09-15 11:31:00-04:00,6612.35,6617.84,6611.32,6615.64,0,3600,0,0.000503606,0.004805589,0.004387603,6603.716,6581.37,0.001848234
2025-09-15 12:31:00-04:00,6615.63,6616.93,6604.18,6606.55,0,3600,0,-0.001374017,-0.001435902,0.002823337,6606.91,6585.378,0.001873673
2025-09-15 13:31:00-04:00,6606.47,6614.87,6606.06,6607.35,0,3600,0,0.000121092,-0.000750116,0.003395601,6611.58,6589.741,0.001840994
2025-09-15 14:31:00-04:00,6607.32,6609.75,6602.07,6608.31,0,3600,0,0.000145293,-0.00110798,0.002688682,6610.032,6593.571,0.001825103
2025-09-15 15:31:00-04:00,6608.34,6616.88,6606.17,6616.31,0,1740,0,0.001210597,0.001477322,0.003823332,6610.832,6595.873,0.001343403
2025-09-16 09:31:00-04:00,6625.03,6626.12,6603.88,6607.66,0,3600,0,-0.001307375,4.69E-05,0.001974331,6609.236,6596.9695,0.001304955
2025-09-16 10:31:00-04:00,6607.53,6610.98,6602.17,6604.55,0,3600,0,-0.000470666,-0.000568981,0.002119692,6608.836,6598.0245,0.001307825
2025-09-16 11:31:00-04:00,6604.53,6607.76,6600.11,6606.68,0,3600,0,0.000322505,-0.001455494,0.003444714,6608.702,6599.197,0.001307464
2025-09-16 12:31:00-04:00,6606.71,6612.49,6603.14,6609.92,0,3600,0,0.000490413,0.000342027,-0.000926535,6609.024,6600.533,0.001308499
2025-09-16 13:31:00-04:00,6609.94,6611.86,6607.18,6609.6,0,3600,0,-4.84E-05,0.000764624,-0.000409842,6607.682,6601.5765,0.001300805
2025-09-16 14:31:00-04:00,6609.55,6615.64,6608.44,6608.44,0,3600,0,-0.000175502,0.000266397,-0.00108833,6607.838,6602.6615,0.001298751
2025-09-16 15:31:00-04:00,6608.42,6614.7,6605.36,6606.43,0,1740,0,-0.000304157,-0.000527994,-1.82E-05,6608.214,6603.5855,0.001302962
2025-09-17 09:31:00-04:00,6611.2,6613.71,6598.35,6599.07,0,3600,0,-0.001114066,-0.001593137,-0.00125315,6606.692,6604.2895,0.001327065
2025-09-17 10:31:00-04:00,6599.14,6604.7,6596.93,6597.97,0,3600,0,-0.00016669,-0.001584338,-0.001564697,6604.302,6604.6585,0.001316549
2025-09-17 11:31:00-04:00,6598.02,6601.34,6596.01,6597.31,0,3600,0,-0.000100031,-0.001380473,-0.002871691,6601.844,6604.9685,0.001316999
2025-09-17 12:31:00-04:00,6597.3,6597.5,6589.22,6595.21,0,3600,0,-0.000318312,-0.000584931,-0.001884177,6599.198,6604.997,0.001314193
2025-09-17 13:31:00-04:00,6595.17,6624.39,6579.89,6607.22,0,3600,0,0.001821019,0.001401946,0.000404267,6599.356,6605.829,0.001365556
2025-09-17 14:31:00-04:00,6606.96,6614.8,6551.15,6608.74,0,3600,0,0.000230051,0.001732524,0.000311806,6601.29,6607.066,0.001339655
2025-09-17 15:31:00-04:00,6608.87,6611.1,6593.61,6600.02,0,1740,0,-0.001319465,0.000729317,-0.001497749,6601.7,6606.2645,0.000813082
